Date,Monitoring_Year,Names,Bay,Quadrat,Habitat,quadrat_code,Point_intercept,Benthic_Substrate,First_Hit,Last_Hit,Hit_1,Hit_1adj,Hit_2,Hit_3,Hit_4,Hit_5,Hit_6,Hit_7,Hit_8,Hit_9,Hit_10,Water_Depth_cm
12/1/22,1,"LU, AD, JP",Otter Creek,U1,Debris,OCU1,1,"DICT, S",DICT,S,DICT,DICT,S,,,,,,,,,
12/1/22,1,"LU, AD, JP",Otter Creek,U1,Debris,OCU1,2,"DICT, S",DICT,S,DICT,DICT,S,,,,,,,,,
12/1/22,1,"LU, AD, JP",Otter Creek,U1,Debris,OCU1,3,"DICT, H",DICT,H,DICT,DICT,H,,,,,,,,,118
12/1/22,1,"LU, AD, JP",Otter Creek,U1,Debris,OCU1,4,"TURF, R",TURF,R,TURF,TURF,R,,,,,,,,,
12/1/22,1,"LU, AD, JP",Otter Creek,U1,Debris,OCU1,5,"DICT, S",DICT,S,DICT,DICT,S,,,,,,,,,
12/1/22,1,"LU, AD, JP",Otter Creek,U1,Debris,OCU1,6,"TURF, R",TURF,R,TURF,TURF,R,,,,,,,,,
12/1/22,1,"LU, AD, JP",Otter Creek,U1,Debris,OCU1,7,"DICT, RCA, S",DICT,S,DICT,DICT,RCA,S,,,,,,,,
12/1/22,1,"LU, AD, JP",Otter Creek,U1,Debris,OCU1,8,"VAVE, R",VAVE,R,VAVE,VAVE,R,,,,,,,,,111
12/1/22,1,"LU, AD, JP",Otter Creek,U1,Debris,OCU1,9,"PENA, S",PENA,S,PENA,PENA,S,,,,,,,,,
12/1/22,1,"LU, AD, JP",Otter Creek,U1,Debris,OCU1,10,"DICT, S",DICT,S,DICT,DICT,S,,,,,,,,,
12/1/22,1,"LU, AD, JP",Otter Creek,U1,Debris,OCU1,11,"THTE, DICT, S",THTE,S,THTE,THTE,DICT,S,,,,,,,,
12/1/22,1,"LU, AD, JP",Otter Creek,U1,Debris,OCU1,12,"DICT, TURF, H",DICT,H,DICT,DICT,TURF,H,,,,,,,,
12/1/22,1,"LU, AD, JP",Otter Creek,U1,Debris,OCU1,13,"JAAD, DICT, H",JAAD,H,JAAD,JAAD,DICT,H,,,,,,,,108
12/1/22,1,"LU, AD, JP",Otter Creek,U1,Debris,OCU1,14,"CCA, H",CCA,H,CCA,CCA,H,,,,,,,,,
12/1/22,1,"LU, AD, JP",Otter Creek,U1,Debris,OCU1,15,"#231- DRHMA, PENA, S",ALGA1,S,ALGA1,ALGA1,DRHMA,PENA,S,,,,,,,
12/1/22,1,"LU, AD, JP",Otter Creek,U1,Debris,OCU1,16,"#231- DRHMA, S",ALGA1,S,ALGA1,ALGA1,DRHMA,S,,,,,,,,
12/1/22,1,"LU, AD, JP",Otter Creek,U1,Debris,OCU1,17,"DICT, TURF, R",DICT,R,DICT,DICT,TURF,R,,,,,,,,90
12/1/22,1,"LU, AD, JP",Otter Creek,U1,Debris,OCU1,18,"S, H",S,H,S,S,H,,,,,,,,,
12/1/22,1,"LU, AD, JP",Otter Creek,U1,Debris,OCU1,19,"THTE, DRHMA, S",THTE,H,THTE,THTE,DRHMA,HAST,H,,,,,,,
12/1/22,1,"LU, AD, JP",Otter Creek,U1,Debris,OCU1,20,"#231- DRHMA, HAST, H",ALGA1,H,ALGA1,ALGA1,DRHMA,HAST,H,,,,,,,
12/1/22,1,"LU, AD, JP",Otter Creek,U1,Debris,OCU1,21,"#231, S",ALGA1,S,ALGA1,ALGA1,S,,,,,,,,,
12/1/22,1,"LU, AD, JP",Otter Creek,U1,Debris,OCU1,22,"GALA, S",GALA,S,GALA,GALA,S,,,,,,,,,97
12/1/22,1,"LU, AD, JP",Otter Creek,U1,Debris,OCU1,23,"THTE, S",THTE,S,THTE,THTE,S,,,,,,,,,
12/1/22,1,"LU, AD, JP",Otter Creek,U1,Debris,OCU1,24,"THTE, TURF, R",THTE,R,THTE,THTE,TURF,R,,,,,,,,
12/1/22,1,"LU, AD, JP",Otter Creek,U1,Debris,OCU1,25,"S, H",S,H,S,S,H,,,,,,,,,
12/1/22,1,"LU, AD, JP",Otter Creek,U1,Debris,OCU1,26,"DICT, R",DICT,R,DICT,DICT,R,,,,,,,,,
12/1/22,1,"LU, AD, JP",Otter Creek,U1,Debris,OCU1,27,"GALA, S",GALA,S,GALA,GALA,S,,,,,,,,,
12/1/22,1,"LU, AD, JP",Otter Creek,U1,Debris,OCU1,28,"TURF, DRHMA, S",TURF,S,TURF,TURF,DRHMA,S,,,,,,,,88
12/1/22,1,"LU, AD, JP",Otter Creek,U1,Debris,OCU1,29,"#231 - DRHMA, S",ALGA1,S,ALGA1,ALGA1,DRHMA,S,,,,,,,,
12/1/22,1,"LU, AD, JP",Otter Creek,U1,Debris,OCU1,30,"DRHMA, TURF, H",TURF,H,DRHMA,TURF,TURF,H,,,,,,,,
12/1/22,1,"LU, AD, JP",Otter Creek,U1,Debris,OCU1,31,S,S,S,S,S,,,,,,,,,,
12/1/22,1,"LU, AD, JP",Otter Creek,U1,Debris,OCU1,32,"TURF, H",TURF,H,TURF,TURF,H,,,,,,,,,
12/1/22,1,"LU, AD, JP",Otter Creek,U1,Debris,OCU1,33,"TURF- DRHMA, #231, S",TURF,S,TURF,TURF,DRHMA,ALGA1,S,,,,,,,71
12/1/22,1,"LU, AD, JP",Otter Creek,U1,Debris,OCU1,34,"TURF- DRHMA, S",TURF,S,TURF,TURF,DRHMA,S,,,,,,,,
12/1/22,1,"LU, AD, JP",Otter Creek,U1,Debris,OCU1,35,"DICT, THTE, H",DICT,H,DICT,DICT,THTE,H,,,,,,,,
12/1/22,1,"LU, AD, JP",Otter Creek,U1,Debris,OCU1,36,"DRHMA, PENA, H",PENA,H,DRHMA,PENA,PENA,H,,,,,,,,
12/1/22,1,"LU, AD, JP",Otter Creek,U1,Debris,OCU1,37,"PENA, TURF, H",PENA,H,PENA,PENA,TURF,H,,,,,,,,
12/1/22,1,"LU, AD, JP",Otter Creek,U1,Debris,OCU1,38,"PENA, TURF, H",PENA,H,PENA,PENA,TURF,H,,,,,,,,65
12/1/22,1,"LU, AD, JP",Otter Creek,U1,Debris,OCU1,39,"PENA, TURF, H",PENA,H,PENA,PENA,TURF,H,,,,,,,,
12/1/22,1,"LU, AD, JP",Otter Creek,U1,Debris,OCU1,40,"TURF, GALA, H",TURF,H,TURF,TURF,GALA,H,,,,,,,,
12/1/22,1,"LU, AD, JP",Otter Creek,U1,Debris,OCU1,41,"RHMAD, VEVE, H",VEVE,H,RHMAD,VEVE,VEVE,H,,,,,,,,
12/1/22,1,"LU, AD, JP",Otter Creek,U1,Debris,OCU1,42,H,H,H,H,H,,,,,,,,,,
12/1/22,1,"LU, AD, JP",Otter Creek,U1,Debris,OCU1,43,"DRHMA, DRHMA, DRHMA, PENA, H",DRHMA,H,DRHMA,DRHMA,DRHMA,DRHMA,PENA,H,,,,,,48
12/1/22,1,"LU, AD, JP",Otter Creek,U1,Debris,OCU1,44,"MILL, H",MILL,H,MILL,MILL,H,,,,,,,,,
12/1/22,1,"LU, AD, JP",Otter Creek,U1,Debris,OCU1,45,"VEVE, GALA, PENA, H",VEVE,H,VEVE,VEVE,GALA,PENA,H,,,,,,,
12/2/22,1,"LU, KH, AD",Otter Creek,S1,Fringe,OCS1,1,"LRHMA, HAST, S",HAST,S,LRHMA,HAST,HAST,S,,,,,,,,
12/2/22,1,"LU, KH, AD",Otter Creek,S1,Fringe,OCS1,2,"LRHMA, S",S,S,LRHMA,S,S,,,,,,,,,
12/2/22,1,"LU, KH, AD",Otter Creek,S1,Fringe,OCS1,3,"LRHMA, HAST, S",HAST,S,LRHMA,HAST,HAST,S,,,,,,,,155
12/2/22,1,"LU, KH, AD",Otter Creek,S1,Fringe,OCS1,4,"LRHMA, HAST, S",HAST,S,LRHMA,HAST,HAST,S,,,,,,,,
12/2/22,1,"LU, KH, AD",Otter Creek,S1,Fringe,OCS1,5,"LRHMA, HAST, H",HAST,H,LRHMA,HAST,HAST,H,,,,,,,,
12/2/22,1,"LU, KH, AD",Otter Creek,S1,Fringe,OCS1,6,"LRHMA, S",S,S,LRHMA,S,S,,,,,,,,,
12/2/22,1,"LU, KH, AD",Otter Creek,S1,Fringe,OCS1,7,"LRHMA, S",S,S,LRHMA,S,S,,,,,,,,,
12/2/22,1,"LU, KH, AD",Otter Creek,S1,Fringe,OCS1,8,"LRHMA, S, R",S,R,LRHMA,S,S,R,,,,,,,,147
12/2/22,1,"LU, KH, AD",Otter Creek,S1,Fringe,OCS1,9,"LRHMA, SSID, H",SSID,H,LRHMA,SSID,SSID,H,,,,,,,,
12/2/22,1,"LU, KH, AD",Otter Creek,S1,Fringe,OCS1,10,"LRHMA, S",S,S,LRHMA,S,S,,,,,,,,,
12/2/22,1,"LU, KH, AD",Otter Creek,S1,Fringe,OCS1,11,"LRHMA, R",S,R,LRHMA,S,R,,,,,,,,,
12/2/22,1,"LU, KH, AD",Otter Creek,S1,Fringe,OCS1,12,"LRHMA, S",S,S,LRHMA,S,S,,,,,,,,,
12/2/22,1,"LU, KH, AD",Otter Creek,S1,Fringe,OCS1,13,"LRHMA, AGEL- P, H",AGEL,H,LRHMA,AGEL,AGEL,P,H,,,,,,,134
12/2/22,1,"LU, KH, AD",Otter Creek,S1,Fringe,OCS1,14,"LRHMA, MONA-P, HAST, WD, S",MONA,S,LRHMA,MONA,MONA,P,HAST,WD,S,,,,,
12/2/22,1,"LU, KH, AD",Otter Creek,S1,Fringe,OCS1,15,"ISAL-LRHMA, S, H",ISAL,S,ISAL,ISAL,LRHMA,S,H,,,,,,,
12/2/22,1,"LU, KH, AD",Otter Creek,S1,Fringe,OCS1,16,"LRHMA, R",R,R,LRHMA,R,R,,,,,,,,,
12/2/22,1,"LU, KH, AD",Otter Creek,S1,Fringe,OCS1,17,"LRHMA, UDOT, S",UDOT,S,LRHMA,UDOT,UDOT,S,,,,,,,,
12/2/22,1,"LU, KH, AD",Otter Creek,S1,Fringe,OCS1,18,"LRHMA, APLY, S, H",APLY,S,LRHMA,APLY,APLY,S,H,,,,,,,128
12/2/22,1,"LU, KH, AD",Otter Creek,S1,Fringe,OCS1,19,"LRHMA, #263, H",AICR,H,LRHMA,AICR,AICR,H,,,,,,,,
12/2/22,1,"LU, KH, AD",Otter Creek,S1,Fringe,OCS1,20,"LRHMA, TURF, R",TURF,R,LRHMA,TURF,TURF,R,,,,,,,,
12/2/22,1,"LU, KH, AD",Otter Creek,S1,Fringe,OCS1,21,"LRHMA, CHNU, H",CHNU,H,LRHMA,CHNU,CHNU,H,,,,,,,,
12/2/22,1,"LU, KH, AD",Otter Creek,S1,Fringe,OCS1,22,"LRHMA, TURF, ISAL, AGEL- P, APLY1, WD, #268, RHMA SEEDLING, R",TURF,R,LRHMA,TURF,TURF,ISAL,AGEL,P,APLY1,WD,CASP,RHMA SEEDLING,R,
12/2/22,1,"LU, KH, AD",Otter Creek,S1,Fringe,OCS1,23,"LRHMA, APLY1, WD, R, S",APLY,S,LRHMA,APLY,APLY1,WD,R,S,,,,,,106
12/2/22,1,"LU, KH, AD",Otter Creek,S1,Fringe,OCS1,24,"LRHMA, R, S",R,S,LRHMA,R,R,S,,,,,,,,
12/2/22,1,"LU, KH, AD",Otter Creek,S1,Fringe,OCS1,25,"LRHMA, APLY, TURF, R",APLY,R,LRHMA,APLY,APLY,TURF,R,,,,,,,
12/2/22,1,"LU, KH, AD",Otter Creek,S1,Fringe,OCS1,26,"LRHMA, HAST, S, R",HAST,R,LRHMA,HAST,HAST,S,R,,,,,,,
12/2/22,1,"LU, KH, AD",Otter Creek,S1,Fringe,OCS1,27,"LRHMA, R",R,R,LRHMA,R,R,,,,,,,,,
12/2/22,1,"LU, KH, AD",Otter Creek,S1,Fringe,OCS1,28,"LRHMA, LARA PROP, R, S",LARA PROP,S,LRHMA,LARA PROP,LARA PROP,R,S,,,,,,,104
12/2/22,1,"LU, KH, AD",Otter Creek,S1,Fringe,OCS1,29,"LRHMA, HAST, S",HAST,S,LRHMA,HAST,HAST,S,,,,,,,,
12/2/22,1,"LU, KH, AD",Otter Creek,S1,Fringe,OCS1,30,"LRHMA, TURF, R",TURF,R,LRHMA,TURF,TURF,R,,,,,,,,
12/2/22,1,"LU, KH, AD",Otter Creek,S1,Fringe,OCS1,31,"LRHMA, S, R",S,R,LRHMA,S,S,R,,,,,,,,
12/2/22,1,"LU, KH, AD",Otter Creek,S1,Fringe,OCS1,32,"LRHMA, S, R",S,R,LRHMA,S,S,R,,,,,,,,
12/2/22,1,"LU, KH, AD",Otter Creek,S1,Fringe,OCS1,33,"LRHMA, S, R",S,R,LRHMA,S,S,R,,,,,,,,100
12/2/22,1,"LU, KH, AD",Otter Creek,S1,Fringe,OCS1,34,"LRHMA, #231- P, S, R",ALGA1,R,LRHMA,ALGA1,ALGA1,P,S,R,,,,,,
12/2/22,1,"LU, KH, AD",Otter Creek,S1,Fringe,OCS1,35,"LRHMA, P, S, H",P,H,LRHMA,P,P,S,H,,,,,,,
12/2/22,1,"LU, KH, AD",Otter Creek,S1,Fringe,OCS1,36,"LRHMA, TUNI, H",TUNI,H,LRHMA,TUNI,TUNI,H,,,,,,,,
12/2/22,1,"LU, KH, AD",Otter Creek,S1,Fringe,OCS1,37,"LRHMA, TURF, H",TURF,H,LRHMA,TURF,TURF,H,,,,,,,,
12/2/22,1,"LU, KH, AD",Otter Creek,S1,Fringe,OCS1,38,"LRHMA, #292, H",SPONGE1,H,LRHMA,SPONGE1,SPONGE1,H,,,,,,,,80
12/2/22,1,"LU, KH, AD",Otter Creek,S1,Fringe,OCS1,39,"LRHMA, JAAD, H",JAAD,H,LRHMA,JAAD,JAAD,H,,,,,,,,
12/2/22,1,"LU, KH, AD",Otter Creek,S1,Fringe,OCS1,40,"LRHMA, ISAL-P, TURF, H",ISAL,H,LRHMA,ISAL,ISAL,P,TURF,H,,,,,,
12/2/22,1,"LU, KH, AD",Otter Creek,S1,Fringe,OCS1,41,"LRHMA, ISAL-P, TURF, H",ISAL,H,LRHMA,ISAL,ISAL,P,TURF,H,,,,,,
12/2/22,1,"LU, KH, AD",Otter Creek,S1,Fringe,OCS1,42,"ISAL-P, AGEL-P, TURF, H",P,H,ISAL,P,P,AGEL,P,TURF,H,,,,,
12/2/22,1,"LU, KH, AD",Otter Creek,S1,Fringe,OCS1,43,"LRHMA, MONA-P, TURF, H",MONA,H,LRHMA,MONA,MONA,P,TURF,H,,,,,,68
12/2/22,1,"LU, KH, AD",Otter Creek,S1,Fringe,OCS1,44,"LRHMA, ISAL-P, R, H",ISAL,H,LRHMA,ISAL,ISAL,P,R,H,,,,,,
12/2/22,1,"LU, KH, AD",Otter Creek,S1,Fringe,OCS1,45,"LRHMA, BARN-P, TURF, H",BARN,H,LRHMA,BARN,BARN,P,TURF,H,,,,,,
12/2/22,1,"LU, KH, AD",Otter Creek,U2,Debris,OCU2,1,S,S,S,S,S,,,,,,,,,,
12/2/22,1,"LU, KH, AD",Otter Creek,U2,Debris,OCU2,2,"HAST, S",HAST,S,HAST,HAST,S,,,,,,,,,
12/2/22,1,"LU, KH, AD",Otter Creek,U2,Debris,OCU2,3,"HAST, S",HAST,S,HAST,HAST,S,,,,,,,,,100
12/2/22,1,"LU, KH, AD",Otter Creek,U2,Debris,OCU2,4,"HAST, S",HAST,S,HAST,HAST,S,,,,,,,,,
12/2/22,1,"LU, KH, AD",Otter Creek,U2,Debris,OCU2,5,"HAST, S",HAST,S,HAST,HAST,S,,,,,,,,,
12/2/22,1,"LU, KH, AD",Otter Creek,U2,Debris,OCU2,6,S,S,S,S,S,,,,,,,,,,
12/2/22,1,"LU, KH, AD",Otter Creek,U2,Debris,OCU2,7,"PENA, S",PENA,S,PENA,PENA,S,,,,,,,,,
12/2/22,1,"LU, KH, AD",Otter Creek,U2,Debris,OCU2,8,"HAST, S",HAST,S,HAST,HAST,S,,,,,,,,,95
12/2/22,1,"LU, KH, AD",Otter Creek,U2,Debris,OCU2,9,"PENA, S",PENA,S,PENA,PENA,S,,,,,,,,,
12/2/22,1,"LU, KH, AD",Otter Creek,U2,Debris,OCU2,10,S,S,S,S,S,,,,,,,,,,
12/2/22,1,"LU, KH, AD",Otter Creek,U2,Debris,OCU2,11,"PENA, S",PENA,S,PENA,PENA,S,,,,,,,,,
12/2/22,1,"LU, KH, AD",Otter Creek,U2,Debris,OCU2,12,"PENA, S",PENA,S,PENA,PENA,S,,,,,,,,,
12/2/22,1,"LU, KH, AD",Otter Creek,U2,Debris,OCU2,13,"DRHMA, S",DRHMA,S,DRHMA,DRHMA,S,,,,,,,,,93
12/2/22,1,"LU, KH, AD",Otter Creek,U2,Debris,OCU2,14,"HAST, S",HAST,S,HAST,HAST,S,,,,,,,,,
12/2/22,1,"LU, KH, AD",Otter Creek,U2,Debris,OCU2,15,"HAST, S",HAST,S,HAST,HAST,S,,,,,,,,,
12/2/22,1,"LU, KH, AD",Otter Creek,U2,Debris,OCU2,16,"PENA, S",PENA,S,PENA,PENA,S,,,,,,,,,
12/2/22,1,"LU, KH, AD",Otter Creek,U2,Debris,OCU2,17,"PENA, R, S",PENA,S,PENA,PENA,R,S,,,,,,,,
12/2/22,1,"LU, KH, AD",Otter Creek,U2,Debris,OCU2,18,"PENA, S",PENA,S,PENA,PENA,S,,,,,,,,,90
12/2/22,1,"LU, KH, AD",Otter Creek,U2,Debris,OCU2,19,S,S,S,S,S,,,,,,,,,,
12/2/22,1,"LU, KH, AD",Otter Creek,U2,Debris,OCU2,20,"HAST, S",HAST,S,HAST,HAST,S,,,,,,,,,
12/2/22,1,"LU, KH, AD",Otter Creek,U2,Debris,OCU2,21,"PENA, S",PENA,S,PENA,PENA,S,,,,,,,,,
12/2/22,1,"LU, KH, AD",Otter Creek,U2,Debris,OCU2,22,"PENA, S",PENA,S,PENA,PENA,S,,,,,,,,,
12/2/22,1,"LU, KH, AD",Otter Creek,U2,Debris,OCU2,23,S,S,S,S,S,,,,,,,,,,83
12/2/22,1,"LU, KH, AD",Otter Creek,U2,Debris,OCU2,24,"PENA, S",PENA,S,PENA,PENA,S,,,,,,,,,
12/2/22,1,"LU, KH, AD",Otter Creek,U2,Debris,OCU2,25,"PENA, S",PENA,S,PENA,PENA,S,,,,,,,,,
12/2/22,1,"LU, KH, AD",Otter Creek,U2,Debris,OCU2,26,"S, H",S,S,S,S,H,,,,,,,,,
12/2/22,1,"LU, KH, AD",Otter Creek,U2,Debris,OCU2,27,S,S,S,S,S,,,,,,,,,,
12/2/22,1,"LU, KH, AD",Otter Creek,U2,Debris,OCU2,28,"PENA, S",PENA,S,PENA,PENA,S,,,,,,,,,73
12/2/22,1,"LU, KH, AD",Otter Creek,U2,Debris,OCU2,29,"PENA, S",PENA,S,PENA,PENA,S,,,,,,,,,
12/2/22,1,"LU, KH, AD",Otter Creek,U2,Debris,OCU2,30,H,H,H,H,H,,,,,,,,,,
12/2/22,1,"LU, KH, AD",Otter Creek,U2,Debris,OCU2,31,"WD, HAST",WD,HAST,WD,WD,HAST,,,,,,,,,
12/2/22,1,"LU, KH, AD",Otter Creek,U2,Debris,OCU2,32,"ISAL-DRHMA1, PENA, S",ISAL,S,ISAL,ISAL,DRHMA1,PENA,S,,,,,,,
12/2/22,1,"LU, KH, AD",Otter Creek,U2,Debris,OCU2,33,"DRHMA1, S",S,S,DRHMA1,S,S,,,,,,,,,65
12/2/22,1,"LU, KH, AD",Otter Creek,U2,Debris,OCU2,34,"PENA, S",PENA,S,PENA,PENA,S,,,,,,,,,
12/2/22,1,"LU, KH, AD",Otter Creek,U2,Debris,OCU2,35,H,H,H,H,H,,,,,,,,,,
12/2/22,1,"LU, KH, AD",Otter Creek,U2,Debris,OCU2,36,"PENA, S",PENA,S,PENA,PENA,S,,,,,,,,,
12/2/22,1,"LU, KH, AD",Otter Creek,U2,Debris,OCU2,37,"WD, S",WD,S,WD,WD,S,,,,,,,,,
12/2/22,1,"LU, KH, AD",Otter Creek,U2,Debris,OCU2,38,S,S,S,S,S,,,,,,,,,,59
12/2/22,1,"LU, KH, AD",Otter Creek,U2,Debris,OCU2,39,S,S,S,S,S,,,,,,,,,,
12/2/22,1,"LU, KH, AD",Otter Creek,U2,Debris,OCU2,40,S,S,S,S,S,,,,,,,,,,
12/2/22,1,"LU, KH, AD",Otter Creek,U2,Debris,OCU2,41,"WD, S",WD,S,WD,WD,S,,,,,,,,,
12/2/22,1,"LU, KH, AD",Otter Creek,U2,Debris,OCU2,42,"PENA, S, H",H,S,PENA,H,S,H,,,,,,,,
12/2/22,1,"LU, KH, AD",Otter Creek,U2,Debris,OCU2,43,S,S,S,S,S,,,,,,,,,,50
12/2/22,1,"LU, KH, AD",Otter Creek,U2,Debris,OCU2,44,S,S,S,S,S,,,,,,,,,,
12/2/22,1,"LU, KH, AD",Otter Creek,U2,Debris,OCU2,45,"DRHMA, S",S,S,DRHMA,S,S,,,,,,,,,
12/7/22,1,"SM, SM",Otter Creek,U3,Debris,OCU3,1,"PENA, S, H",PENA,S,PENA,PENA,S,H,,,,,,,,
12/7/22,1,"SM, SM",Otter Creek,U3,Debris,OCU3,2,"HAST, H",HAST,H,HAST,HAST,H,,,,,,,,,
12/7/22,1,"SM, SM",Otter Creek,U3,Debris,OCU3,3,R,R,R,R,R,,,,,,,,,,129
12/7/22,1,"SM, SM",Otter Creek,U3,Debris,OCU3,4,R,R,R,R,R,,,,,,,,,,
12/7/22,1,"SM, SM",Otter Creek,U3,Debris,OCU3,5,R,R,R,R,R,,,,,,,,,,
12/7/22,1,"SM, SM",Otter Creek,U3,Debris,OCU3,6,"HAST, S, H",HAST,S,HAST,HAST,S,H,,,,,,,,
12/7/22,1,"SM, SM",Otter Creek,U3,Debris,OCU3,7,"HAST, S, H",HAST,S,HAST,HAST,S,H,,,,,,,,
12/7/22,1,"SM, SM",Otter Creek,U3,Debris,OCU3,8,"PENA, H",PENA,H,PENA,PENA,H,,,,,,,,,126
12/7/22,1,"SM, SM",Otter Creek,U3,Debris,OCU3,9,"DICT, S, H",DICT,H,DICT,DICT,S,H,,,,,,,,
12/7/22,1,"SM, SM",Otter Creek,U3,Debris,OCU3,10,S,S,S,S,S,,,,,,,,,,
12/7/22,1,"SM, SM",Otter Creek,U3,Debris,OCU3,11,"HAST, S, H",HAST,S,HAST,HAST,S,H,,,,,,,,
12/7/22,1,"SM, SM",Otter Creek,U3,Debris,OCU3,12,"R, S",R,S,R,R,S,,,,,,,,,
12/7/22,1,"SM, SM",Otter Creek,U3,Debris,OCU3,13,"PENA, S, DICT, H",PENA,H,PENA,PENA,S,DICT,H,,,,,,,128
12/7/22,1,"SM, SM",Otter Creek,U3,Debris,OCU3,14,"PENA, SSID",PENA,H,PENA,PENA,SSID,H,,,,,,,,
12/7/22,1,"SM, SM",Otter Creek,U3,Debris,OCU3,15,"HAST, S, H",HAST,S,HAST,HAST,S,H,,,,,,,,
12/7/22,1,"SM, SM",Otter Creek,U3,Debris,OCU3,16,"DICT, S, H",DICT,S,DICT,DICT,S,H,,,,,,,,
12/7/22,1,"SM, SM",Otter Creek,U3,Debris,OCU3,17,"PPOR, H",PPOR,H,PPOR,PPOR,H,,,,,,,,,
12/7/22,1,"SM, SM",Otter Creek,U3,Debris,OCU3,18,"HAST, H",HAST,H,HAST,HAST,H,,,,,,,,,124
12/7/22,1,"SM, SM",Otter Creek,U3,Debris,OCU3,19,CASE,CASE,H,CASE,CASE,,,,,,,,,,
12/7/22,1,"SM, SM",Otter Creek,U3,Debris,OCU3,20,"S, H",S,S,S,S,H,,,,,,,,,
12/7/22,1,"SM, SM",Otter Creek,U3,Debris,OCU3,21,"HAST, S, H",HAST,H,HAST,HAST,S,H,,,,,,,,
12/7/22,1,"SM, SM",Otter Creek,U3,Debris,OCU3,22,"PENA, HAST, S, H",PENA,H,PENA,PENA,HAST,S,H,,,,,,,
12/7/22,1,"SM, SM",Otter Creek,U3,Debris,OCU3,23,"HAST, DICT, S, H",HAST,H,HAST,HAST,DICT,S,H,,,,,,,118
12/7/22,1,"SM, SM",Otter Creek,U3,Debris,OCU3,24,"HAST, S, H",HAST,S,HAST,HAST,S,H,,,,,,,,
12/7/22,1,"SM, SM",Otter Creek,U3,Debris,OCU3,25,"HALI, PENA, CASE, S, H",HALI,H,HALI,HALI,PENA,CASE,S,H,,,,,,
12/7/22,1,"SM, SM",Otter Creek,U3,Debris,OCU3,26,"HAST, PENA, S, H",HAST,H,HAST,HAST,PENA,S,H,,,,,,,
12/7/22,1,"SM, SM",Otter Creek,U3,Debris,OCU3,27,"HAST, S, H",HAST,S,HAST,HAST,S,H,,,,,,,,
12/7/22,1,"SM, SM",Otter Creek,U3,Debris,OCU3,28,"S, H",S,S,S,S,H,,,,,,,,,110
12/7/22,1,"SM, SM",Otter Creek,U3,Debris,OCU3,29,"HAST, S, H",HAST,S,HAST,HAST,S,H,,,,,,,,
12/7/22,1,"SM, SM",Otter Creek,U3,Debris,OCU3,30,"HAST, PENA, S, H",HAST,H,HAST,HAST,PENA,S,H,,,,,,,
12/7/22,1,"SM, SM",Otter Creek,U3,Debris,OCU3,31,"S, H",S,S,S,S,H,,,,,,,,,
12/7/22,1,"SM, SM",Otter Creek,U3,Debris,OCU3,32,"CASE, HAST, S, H",CASE,H,CASE,CASE,HAST,S,H,,,,,,,
12/7/22,1,"SM, SM",Otter Creek,U3,Debris,OCU3,33,"HAST, PENA, S, H",HAST,H,HAST,HAST,PENA,S,H,,,,,,,112
12/7/22,1,"SM, SM",Otter Creek,U3,Debris,OCU3,34,"HAST, S, H",HAST,S,HAST,HAST,S,H,,,,,,,,
12/7/22,1,"SM, SM",Otter Creek,U3,Debris,OCU3,35,"HAST, S, H",HAST,S,HAST,HAST,S,H,,,,,,,,
12/7/22,1,"SM, SM",Otter Creek,U3,Debris,OCU3,36,"PENA, S, H",PENA,S,PENA,PENA,S,H,,,,,,,,
12/7/22,1,"SM, SM",Otter Creek,U3,Debris,OCU3,37,"SSID, S, H",SSID,S,SSID,SSID,S,H,,,,,,,,
12/7/22,1,"SM, SM",Otter Creek,U3,Debris,OCU3,38,"CLIO, PENA, S, H",CLIO,S,CLIO,CLIO,PENA,S,H,,,,,,,74
12/7/22,1,"SM, SM",Otter Creek,U3,Debris,OCU3,39,"SSID, H",SSID,H,SSID,SSID,H,,,,,,,,,
12/7/22,1,"SM, SM",Otter Creek,U3,Debris,OCU3,40,"PENA, S, H",PENA,S,PENA,PENA,S,H,,,,,,,,
12/7/22,1,"SM, SM",Otter Creek,U3,Debris,OCU3,41,"PENA, S, H",PENA,S,PENA,PENA,S,H,,,,,,,,
12/7/22,1,"SM, SM",Otter Creek,U3,Debris,OCU3,42,"DICT, PENA, S, H",DICT,H,DICT,DICT,PENA,S,H,,,,,,,
12/7/22,1,"SM, SM",Otter Creek,U3,Debris,OCU3,43,"PENA, S, H",PENA,H,PENA,PENA,S,H,,,,,,,,69
12/7/22,1,"SM, SM",Otter Creek,U3,Debris,OCU3,44,"S, H",S,H,S,S,H,,,,,,,,,
12/7/22,1,"SM, SM",Otter Creek,U3,Debris,OCU3,45,"S, H",S,H,S,S,H,,,,,,,,,
12/7/22,1,"LU, AC",Otter Creek,S3,Fringe,OCS3,1,"S, H",S,H,S,S,H,,,,,,,,,
12/7/22,1,"LU, AC",Otter Creek,S3,Fringe,OCS3,2,"S, H",S,H,S,S,H,,,,,,,,,
12/7/22,1,"LU, AC",Otter Creek,S3,Fringe,OCS3,3,"TURF, R, S",TURF,S,TURF,TURF,R,S,,,,,,,,59
12/7/22,1,"LU, AC",Otter Creek,S3,Fringe,OCS3,4,"PENA, S",PENA,S,PENA,PENA,S,,,,,,,,,
12/7/22,1,"LU, AC",Otter Creek,S3,Fringe,OCS3,5,"SSID, S",SSID,S,SSID,SSID,S,,,,,,,,,
12/7/22,1,"LU, AC",Otter Creek,S3,Fringe,OCS3,6,"S, H",S,H,S,S,H,,,,,,,,,
12/7/22,1,"LU, AC",Otter Creek,S3,Fringe,OCS3,7,"#32, H",SPONGE2,H,SPONGE2,SPONGE2,H,,,,,,,,,
12/7/22,1,"LU, AC",Otter Creek,S3,Fringe,OCS3,8,"COGI, H",COGI,H,COGI,COGI,H,,,,,,,,,53
12/7/22,1,"LU, AC",Otter Creek,S3,Fringe,OCS3,9,"SSID, H",SSID,H,SSID,SSID,H,,,,,,,,,
12/7/22,1,"LU, AC",Otter Creek,S3,Fringe,OCS3,10,"DICT, S, H",DICT,H,DICT,DICT,S,H,,,,,,,,
12/7/22,1,"LU, AC",Otter Creek,S3,Fringe,OCS3,11,"#32, H",SPONGE2,H,SPONGE2,SPONGE2,H,,,,,,,,,
12/7/22,1,"LU, AC",Otter Creek,S3,Fringe,OCS3,12,"DICT, S, H",DICT,H,DICT,DICT,S,H,,,,,,,,
12/7/22,1,"LU, AC",Otter Creek,S3,Fringe,OCS3,13,"DICT, S,H",DICT,H,DICT,DICT,S,H,,,,,,,,50
12/7/22,1,"LU, AC",Otter Creek,S3,Fringe,OCS3,14,"VEVE, S, H",VEVE,H,VEVE,VEVE,S,H,,,,,,,,
12/7/22,1,"LU, AC",Otter Creek,S3,Fringe,OCS3,15,"GALA, DICT, S, H",GALA,H,GALA,GALA,DICT,S,H,,,,,,,
12/7/22,1,"LU, AC",Otter Creek,S3,Fringe,OCS3,16,"S, H",S,S,S,S,H,,,,,,,,,
12/7/22,1,"LU, AC",Otter Creek,S3,Fringe,OCS3,17,"S, H",S,S,S,S,H,,,,,,,,,
12/7/22,1,"LU, AC",Otter Creek,S3,Fringe,OCS3,18,"VEVE, R, H",VEVE,H,VEVE,VEVE,R,H,,,,,,,,44
12/7/22,1,"LU, AC",Otter Creek,S3,Fringe,OCS3,19,"ORBSP, H",ORBSP,H,ORBSP,ORBSP,H,,,,,,,,,
12/7/22,1,"LU, AC",Otter Creek,S3,Fringe,OCS3,20,"DICT, S, H",DICT,H,DICT,DICT,S,H,,,,,,,,
12/7/22,1,"LU, AC",Otter Creek,S3,Fringe,OCS3,21,"DICT, S, H",DICT,H,DICT,DICT,S,H,,,,,,,,
12/7/22,1,"LU, AC",Otter Creek,S3,Fringe,OCS3,22,"S, H",S,H,S,S,H,,,,,,,,,
12/7/22,1,"LU, AC",Otter Creek,S3,Fringe,OCS3,23,"DRHMA, DICT, S, H",DICT,H,DRHMA,DICT,DICT,S,H,,,,,,,46
12/7/22,1,"LU, AC",Otter Creek,S3,Fringe,OCS3,24,"CASE, S, H",CASE,H,CASE,CASE,S,H,,,,,,,,
12/7/22,1,"LU, AC",Otter Creek,S3,Fringe,OCS3,25,"S, H",S,H,S,S,H,,,,,,,,,
12/7/22,1,"LU, AC",Otter Creek,S3,Fringe,OCS3,26,"LRHMA, S, H",S,H,LRHMA,S,S,H,,,,,,,,
12/7/22,1,"LU, AC",Otter Creek,S3,Fringe,OCS3,27,"LRHMA, S, H",S,H,LRHMA,S,S,H,,,,,,,,
12/7/22,1,"LU, AC",Otter Creek,S3,Fringe,OCS3,28,"LRHMA, S, H",S,H,LRHMA,S,S,H,,,,,,,,43
12/7/22,1,"LU, AC",Otter Creek,S3,Fringe,OCS3,29,"LRHMA, WD, S",WD,S,LRHMA,WD,WD,S,,,,,,,,
12/7/22,1,"LU, AC",Otter Creek,S3,Fringe,OCS3,30,"LRHMA, S, H",S,H,LRHMA,S,S,H,,,,,,,,
12/7/22,1,"LU, AC",Otter Creek,S3,Fringe,OCS3,31,"LRHMA, DICT, S, H",DICT,H,LRHMA,DICT,DICT,S,H,,,,,,,
12/7/22,1,"LU, AC",Otter Creek,S3,Fringe,OCS3,32,"LRHMA, S, R, H",S,H,LRHMA,S,S,R,H,,,,,,,
12/7/22,1,"LU, AC",Otter Creek,S3,Fringe,OCS3,33,"LRHMA, TURF, R",TURF,R,LRHMA,TURF,TURF,R,,,,,,,,43
12/7/22,1,"LU, AC",Otter Creek,S3,Fringe,OCS3,34,"LRHMA, TURF, H",TURF,H,LRHMA,TURF,TURF,H,,,,,,,,
12/7/22,1,"LU, AC",Otter Creek,S3,Fringe,OCS3,35,"LRHMA, S, H",S,H,LRHMA,S,S,H,,,,,,,,
12/7/22,1,"LU, AC",Otter Creek,S3,Fringe,OCS3,36,"LRHMA, S,H",S,H,LRHMA,S,S,H,,,,,,,,
12/7/22,1,"LU, AC",Otter Creek,S3,Fringe,OCS3,37,"LRHMA, S,H",S,H,LRHMA,S,S,H,,,,,,,,
12/7/22,1,"LU, AC",Otter Creek,S3,Fringe,OCS3,38,"LRHMA, S,H ",S,H,LRHMA,S,S,H,,,,,,,,42
12/7/22,1,"LU, AC",Otter Creek,S3,Fringe,OCS3,39,"LRHMA, P, LARA SEEDLING, S, H",P,H,LRHMA,P,P,LARA SEEDLING,S,H,,,,,,
12/7/22,1,"LU, AC",Otter Creek,S3,Fringe,OCS3,40,"CASE, S, H",S,H,CASE,S,S,H,,,,,,,,
12/7/22,1,"LU, AC",Otter Creek,S3,Fringe,OCS3,41,"S, H",S,S,S,S,H,,,,,,,,,
12/7/22,1,"LU, AC",Otter Creek,S3,Fringe,OCS3,42,"S, H",S,S,S,S,H,,,,,,,,,
12/7/22,1,"LU, AC",Otter Creek,S3,Fringe,OCS3,43,"DICT, WD, S, H",DICT,H,DICT,DICT,WD,S,H,,,,,,,41
12/7/22,1,"LU, AC",Otter Creek,S3,Fringe,OCS3,44,"S, H",S,H,S,S,H,,,,,,,,,
12/7/22,1,"LU, AC",Otter Creek,S3,Fringe,OCS3,45,"S,H",S,H,S,S,H,,,,,,,,,
12/12/22,1,LU,Otter Creek,S2,Fringe,OCS2,1,"LRHMA, THTE, DICT, S, H",THTE,H,LRHMA,THTE,THTE,DICT,S,H,,,,,,
12/12/22,1,LU,Otter Creek,S2,Fringe,OCS2,2,"LRHMA, THTE, DICT, R, H",THTE,H,LRHMA,THTE,THTE,DICT,R,H,,,,,,
12/12/22,1,LU,Otter Creek,S2,Fringe,OCS2,3,"LRHMA, PENA, THTE, S, H",PENA,H,LRHMA,PENA,PENA,THTE,S,H,,,,,,134
12/12/22,1,LU,Otter Creek,S2,Fringe,OCS2,4,"LRHMA, DICT, R, H",DICT,H,LRHMA,DICT,DICT,R,H,,,,,,,
12/12/22,1,LU,Otter Creek,S2,Fringe,OCS2,5,"LRHMA, THTE, S, H",THTE,H,LRHMA,THTE,THTE,S,H,,,,,,,
12/12/22,1,LU,Otter Creek,S2,Fringe,OCS2,6,"LRHMA, DICT, HAST, S",DICT,S,LRHMA,DICT,DICT,HAST,S,,,,,,,
12/12/22,1,LU,Otter Creek,S2,Fringe,OCS2,7,"LRHMA, THTE, R, H",THTE,H,LRHMA,THTE,THTE,R,H,,,,,,,
12/12/22,1,LU,Otter Creek,S2,Fringe,OCS2,8,"LRHMA, THTE, PPOR, H",THTE,H,LRHMA,THTE,THTE,PPOR,H,,,,,,,132
12/12/22,1,LU,Otter Creek,S2,Fringe,OCS2,9,"LRHMA, DICT, S, H",DICT,H,LRHMA,DICT,DICT,S,H,,,,,,,
12/12/22,1,LU,Otter Creek,S2,Fringe,OCS2,10,"LRHMA, HAST, THTE, S",HAST,S,LRHMA,HAST,HAST,THTE,S,,,,,,,
12/12/22,1,LU,Otter Creek,S2,Fringe,OCS2,11,"LRHMA, HAST, S, R",HAST,R,LRHMA,HAST,HAST,S,R,,,,,,,
12/12/22,1,LU,Otter Creek,S2,Fringe,OCS2,12,"LRHMA, HAST, S, H",HAST,H,LRHMA,HAST,HAST,S,H,,,,,,,
12/12/22,1,LU,Otter Creek,S2,Fringe,OCS2,13,"LRHMA, #34, S, H",SPONGE3,H,LRHMA,SPONGE3,SPONGE3,S,H,,,,,,,132
12/12/22,1,LU,Otter Creek,S2,Fringe,OCS2,14,"LRHMA, TURF, R",TURF,R,LRHMA,TURF,TURF,R,,,,,,,,
12/12/22,1,LU,Otter Creek,S2,Fringe,OCS2,15,"LRHMA, HAST, DICT, S, H",HAST,H,LRHMA,HAST,HAST,DICT,S,H,,,,,,
12/12/22,1,LU,Otter Creek,S2,Fringe,OCS2,16,"LRHMA, HAST, S, H",HAST,H,LRHMA,HAST,HAST,S,H,,,,,,,
12/12/22,1,LU,Otter Creek,S2,Fringe,OCS2,17,"LRHMA, HAST, S, H",HAST,H,LRHMA,HAST,HAST,S,H,,,,,,,
12/12/22,1,LU,Otter Creek,S2,Fringe,OCS2,18,"LRHMA, TURF, R",TURF,R,LRHMA,TURF,TURF,R,,,,,,,,124
12/12/22,1,LU,Otter Creek,S2,Fringe,OCS2,19,"LRHMA, TURF, R",TURF,R,LRHMA,TURF,TURF,R,,,,,,,,
12/12/22,1,LU,Otter Creek,S2,Fringe,OCS2,20,"LRHMA, THTE, S, H",THTE,H,LRHMA,THTE,THTE,S,H,,,,,,,
12/12/22,1,LU,Otter Creek,S2,Fringe,OCS2,21,"LRHMA, S, R",S,R,LRHMA,S,S,R,,,,,,,,
12/12/22,1,LU,Otter Creek,S2,Fringe,OCS2,22,"LRHMA, S, R",S,R,LRHMA,S,S,R,,,,,,,,
12/12/22,1,LU,Otter Creek,S2,Fringe,OCS2,23,"LRHMA, TURF, R",TURF,R,LRHMA,TURF,TURF,R,,,,,,,,110
12/12/22,1,LU,Otter Creek,S2,Fringe,OCS2,24,"LRHMA, TURF, R",TURF,R,LRHMA,TURF,TURF,R,,,,,,,,
12/12/22,1,LU,Otter Creek,S2,Fringe,OCS2,25,"LRHMA, TURF, R",TURF,R,LRHMA,TURF,TURF,R,,,,,,,,
12/12/22,1,LU,Otter Creek,S2,Fringe,OCS2,26,"LRHMA, ISAL, #36- P, S-H",ISAL,H,LRHMA,ISAL,ISAL,SPONGE4,P,S,H,,,,,
12/12/22,1,LU,Otter Creek,S2,Fringe,OCS2,27,"LRHMA, S, H",S,H,LRHMA,S,S,H,,,,,,,,
12/12/22,1,LU,Otter Creek,S2,Fringe,OCS2,28,"LRHMA, PENA, H",PENA,H,LRHMA,PENA,PENA,H,,,,,,,,102
12/12/22,1,LU,Otter Creek,S2,Fringe,OCS2,29,"LRHMA, TURF, H",TURF,H,LRHMA,TURF,TURF,H,,,,,,,,
12/12/22,1,LU,Otter Creek,S2,Fringe,OCS2,30,"LRHMA, S, H",S,H,LRHMA,S,S,H,,,,,,,,
12/12/22,1,LU,Otter Creek,S2,Fringe,OCS2,31,"LRHMA, S, H",S,H,LRHMA,S,S,H,,,,,,,,
12/12/22,1,LU,Otter Creek,S2,Fringe,OCS2,32,"LRHMA, S, H",S,H,LRHMA,S,S,H,,,,,,,,
12/12/22,1,LU,Otter Creek,S2,Fringe,OCS2,33,"LRHMA, S, H",S,H,LRHMA,S,S,H,,,,,,,,98
12/12/22,1,LU,Otter Creek,S2,Fringe,OCS2,34,"LRHMA, S, H",S,H,LRHMA,S,S,H,,,,,,,,
12/12/22,1,LU,Otter Creek,S2,Fringe,OCS2,35,"LRHMA, #37- P, SSID-H",SPONGE5,H,LRHMA,SPONGE5,SPONGE5,P,SSID,H,,,,,,
12/12/22,1,LU,Otter Creek,S2,Fringe,OCS2,36,"LRHMA, TURF, ISAL-P, S-H",TURF,H,LRHMA,TURF,TURF,ISAL,P,S,H,,,,,
12/12/22,1,LU,Otter Creek,S2,Fringe,OCS2,37,"LRHMA, TURF, ISAL- P, S-H",TURF,H,LRHMA,TURF,TURF,ISAL,P,S,H,,,,,
12/12/22,1,LU,Otter Creek,S2,Fringe,OCS2,38,"LRHMA, ISAL, #38-P, S-H",ISAL,H,LRHMA,ISAL,ISAL,UKN SPONGE,P,S,H,,,,,75
12/12/22,1,LU,Otter Creek,S2,Fringe,OCS2,39,"LRHMA, #39-P, TURF-H",SPONGE6,H,LRHMA,SPONGE6,SPONGE6,P,TURF,H,,,,,,
12/12/22,1,LU,Otter Creek,S2,Fringe,OCS2,40,"LRHMA, TURF, H",TURF,H,LRHMA,TURF,TURF,H,,,,,,,,
12/12/22,1,LU,Otter Creek,S2,Fringe,OCS2,41,"LRHMA, TURF-P, TURF-H",TURF,H,LRHMA,TURF,TURF,P,TURF,H,,,,,,
12/12/22,1,LU,Otter Creek,S2,Fringe,OCS2,42,"LRHMA, TURF-P, TURF-H",TURF,H,LRHMA,TURF,TURF,P,TURF,H,,,,,,
12/12/22,1,LU,Otter Creek,S2,Fringe,OCS2,43,"LRHMA, ISAL, TURF-P, TURF-H",ISAL,H,LRHMA,ISAL,ISAL,TURF,P,TURF,H,,,,,60
12/12/22,1,LU,Otter Creek,S2,Fringe,OCS2,44,"LRHMA, TURF, H",TURF,H,LRHMA,TURF,TURF,H,,,,,,,,
12/12/22,1,LU,Otter Creek,S2,Fringe,OCS2,45,"LRHMA, TURF, H",TURF,H,LRHMA,TURF,TURF,H,,,,,,,,
12/13/22,1,"LU, LP, EH",Water Creek,S3,Fringe,WCS3,1,"LRHMA, HAST, S",HAST,S,LRHMA,HAST,HAST,S,,,,,,,,
12/13/22,1,"LU, LP, EH",Water Creek,S3,Fringe,WCS3,2,"LRHMA, HAST, S",HAST,S,LRHMA,HAST,HAST,S,,,,,,,,
12/13/22,1,"LU, LP, EH",Water Creek,S3,Fringe,WCS3,3,"LRHMA, HAST, S",HAST,S,LRHMA,HAST,HAST,S,,,,,,,,121
12/13/22,1,"LU, LP, EH",Water Creek,S3,Fringe,WCS3,4,"LRHMA, HAST, S",HAST,S,LRHMA,HAST,HAST,S,,,,,,,,
12/13/22,1,"LU, LP, EH",Water Creek,S3,Fringe,WCS3,5,"LRHMA, HAST, S",HAST,S,LRHMA,HAST,HAST,S,,,,,,,,
12/13/22,1,"LU, LP, EH",Water Creek,S3,Fringe,WCS3,6,"LRHMA, HAST, S",HAST,S,LRHMA,HAST,HAST,S,,,,,,,,
12/13/22,1,"LU, LP, EH",Water Creek,S3,Fringe,WCS3,7,"LRHMA, HAST, S",HAST,S,LRHMA,HAST,HAST,S,,,,,,,,
12/13/22,1,"LU, LP, EH",Water Creek,S3,Fringe,WCS3,8,"LRHMA, S",S,S,LRHMA,S,S,,,,,,,,,104
12/13/22,1,"LU, LP, EH",Water Creek,S3,Fringe,WCS3,9,"LRHMA, HAST, S",HAST,S,LRHMA,HAST,HAST,S,,,,,,,,
12/13/22,1,"LU, LP, EH",Water Creek,S3,Fringe,WCS3,10,"LRHMA, HAST, S, R",HAST,R,LRHMA,HAST,HAST,S,R,,,,,,,
12/13/22,1,"LU, LP, EH",Water Creek,S3,Fringe,WCS3,11,"LRHMA, S",S,S,LRHMA,S,S,,,,,,,,,
12/13/22,1,"LU, LP, EH",Water Creek,S3,Fringe,WCS3,12,"LRHMA, HAST, S",HAST,S,LRHMA,HAST,HAST,S,,,,,,,,
12/13/22,1,"LU, LP, EH",Water Creek,S3,Fringe,WCS3,13,"LRHMA, HAST, S",HAST,S,LRHMA,HAST,HAST,S,,,,,,,,101
12/13/22,1,"LU, LP, EH",Water Creek,S3,Fringe,WCS3,14,"LRHMA, HAST, S",HAST,S,LRHMA,HAST,HAST,S,,,,,,,,
12/13/22,1,"LU, LP, EH",Water Creek,S3,Fringe,WCS3,15,"LRHMA, HAST, S",HAST,S,LRHMA,HAST,HAST,S,,,,,,,,
12/13/22,1,"LU, LP, EH",Water Creek,S3,Fringe,WCS3,16,"LRHMA, HAST, S",HAST,S,LRHMA,HAST,HAST,S,,,,,,,,
12/13/22,1,"LU, LP, EH",Water Creek,S3,Fringe,WCS3,17,"LRHMA, HAST, S",HAST,S,LRHMA,HAST,HAST,S,,,,,,,,
12/13/22,1,"LU, LP, EH",Water Creek,S3,Fringe,WCS3,18,"LRHMA, HAST, S",HAST,S,LRHMA,HAST,HAST,S,,,,,,,,98
12/13/22,1,"LU, LP, EH",Water Creek,S3,Fringe,WCS3,19,"LRHMA, LARA SEEDLING, HAST, S",LARA SEEDLING,S,LRHMA,LARA SEEDLING,LARA SEEDLING,HAST,S,,,,,,,
12/13/22,1,"LU, LP, EH",Water Creek,S3,Fringe,WCS3,20,"LRHMA, HAST, S",HAST,S,LRHMA,HAST,HAST,S,,,,,,,,
12/13/22,1,"LU, LP, EH",Water Creek,S3,Fringe,WCS3,21,"LRHMA, S",S,S,LRHMA,S,S,,,,,,,,,
12/13/22,1,"LU, LP, EH",Water Creek,S3,Fringe,WCS3,22,"LRHMA, HAST, S",HAST,S,LRHMA,HAST,HAST,S,,,,,,,,
12/13/22,1,"LU, LP, EH",Water Creek,S3,Fringe,WCS3,23,"LRHMA, S",S,S,LRHMA,S,S,,,,,,,,,91
12/13/22,1,"LU, LP, EH",Water Creek,S3,Fringe,WCS3,24,"LRHMA, S",S,S,LRHMA,S,S,,,,,,,,,
12/13/22,1,"LU, LP, EH",Water Creek,S3,Fringe,WCS3,25,"LRHMA, HAST, S",HAST,S,LRHMA,HAST,HAST,S,,,,,,,,
12/13/22,1,"LU, LP, EH",Water Creek,S3,Fringe,WCS3,26,"LRHMA, S, H",S,H,LRHMA,S,S,H,,,,,,,,
12/13/22,1,"LU, LP, EH",Water Creek,S3,Fringe,WCS3,27,"LRHMA, TURF-P, S",TURF,S,LRHMA,TURF,TURF,P,S,,,,,,,
12/13/22,1,"LU, LP, EH",Water Creek,S3,Fringe,WCS3,28,"LRHMA, S, H",S,H,LRHMA,S,S,H,,,,,,,,76
12/13/22,1,"LU, LP, EH",Water Creek,S3,Fringe,WCS3,29,"LRHMA, S, H",S,H,LRHMA,S,S,H,,,,,,,,
12/13/22,1,"LU, LP, EH",Water Creek,S3,Fringe,WCS3,30,"LRHMA, HAST, S, H",HAST,H,LRHMA,HAST,HAST,S,H,,,,,,,
12/13/22,1,"LU, LP, EH",Water Creek,S3,Fringe,WCS3,31,"LRHMA, TURF, S, H",TURF,H,LRHMA,TURF,TURF,S,H,,,,,,,
12/13/22,1,"LU, LP, EH",Water Creek,S3,Fringe,WCS3,32,"LRHMA, TURF, BARNACLES-P, TURF, CCA-P, S, H",TURF,H,LRHMA,TURF,TURF,BARN,P,TURF,CCA,P,S,H,,
12/13/22,1,"LU, LP, EH",Water Creek,S3,Fringe,WCS3,33,"LRHMA, ISAL-P, TURF, S, H",ISAL,H,LRHMA,ISAL,ISAL,P,TURF,S,H,,,,,66
12/13/22,1,"LU, LP, EH",Water Creek,S3,Fringe,WCS3,34,"LRHMA, S, H",S,H,LRHMA,S,S,H,,,,,,,,
12/13/22,1,"LU, LP, EH",Water Creek,S3,Fringe,WCS3,35,"LRHMA, S, H",S,H,LRHMA,S,S,H,,,,,,,,
12/13/22,1,"LU, LP, EH",Water Creek,S3,Fringe,WCS3,36,"LRHMA, S, H",S,H,LRHMA,S,S,H,,,,,,,,
12/13/22,1,"LU, LP, EH",Water Creek,S3,Fringe,WCS3,37,"LRHMA, TURF, ISAL-P, S-H",TURF,H,LRHMA,TURF,TURF,ISAL,P,S,H,,,,,
12/13/22,1,"LU, LP, EH",Water Creek,S3,Fringe,WCS3,38,"LRHMA, S, H",S,H,LRHMA,S,S,H,,,,,,,,59
12/13/22,1,"LU, LP, EH",Water Creek,S3,Fringe,WCS3,39,"LRHMA, BARNACLE-P, S, H",BARN,H,LRHMA,BARN,BARN,P,S,H,,,,,,
12/13/22,1,"LU, LP, EH",Water Creek,S3,Fringe,WCS3,40,"LRHMA, S, H",S,H,LRHMA,S,S,H,,,,,,,,
12/13/22,1,"LU, LP, EH",Water Creek,S3,Fringe,WCS3,41,"LRHMA, ISAL, TURF-P, S-H",ISAL,H,LRHMA,ISAL,ISAL,TURF,P,S,H,,,,,
12/13/22,1,"LU, LP, EH",Water Creek,S3,Fringe,WCS3,42,"LRHMA, TURF-P, S, H",TURF,H,LRHMA,TURF,TURF,P,S,H,,,,,,
12/13/22,1,"LU, LP, EH",Water Creek,S3,Fringe,WCS3,43,"LRHMA, S, H",S,H,LRHMA,S,S,H,,,,,,,,48
12/13/22,1,"LU, LP, EH",Water Creek,S3,Fringe,WCS3,44,"LRHMA, S, H",S,H,LRHMA,S,S,H,,,,,,,,
12/13/22,1,"LU, LP, EH",Water Creek,S3,Fringe,WCS3,45,"LRHMA, S, H",S,H,LRHMA,S,S,H,,,,,,,,
12/13/22,1,"LU, LP, EH",Water Creek,U3,Debris,WCU3,1,S,S,S,S,S,,,,,,,,,,
12/13/22,1,"LU, LP, EH",Water Creek,U3,Debris,WCU3,2,"THTE, S",THTE,S,THTE,THTE,S,,,,,,,,,
12/13/22,1,"LU, LP, EH",Water Creek,U3,Debris,WCU3,3,S,S,S,S,S,,,,,,,,,,102
12/13/22,1,"LU, LP, EH",Water Creek,U3,Debris,WCU3,4,"THTE, S",THTE,S,THTE,THTE,S,,,,,,,,,
12/13/22,1,"LU, LP, EH",Water Creek,U3,Debris,WCU3,5,"WD, S",WD,S,WD,WD,S,,,,,,,,,
12/13/22,1,"LU, LP, EH",Water Creek,U3,Debris,WCU3,6,S,S,S,S,S,,,,,,,,,,
12/13/22,1,"LU, LP, EH",Water Creek,U3,Debris,WCU3,7,S,S,S,S,S,,,,,,,,,,
12/13/22,1,"LU, LP, EH",Water Creek,U3,Debris,WCU3,8,"HAST, S",HAST,S,HAST,HAST,S,,,,,,,,,98
12/13/22,1,"LU, LP, EH",Water Creek,U3,Debris,WCU3,9,"HAST, PENA, S",HAST,S,HAST,HAST,PENA,S,,,,,,,,
12/13/22,1,"LU, LP, EH",Water Creek,U3,Debris,WCU3,10,"THTE, S",THTE,S,THTE,THTE,S,,,,,,,,,
12/13/22,1,"LU, LP, EH",Water Creek,U3,Debris,WCU3,11,"PENA, S",PENA,S,PENA,PENA,S,,,,,,,,,
12/13/22,1,"LU, LP, EH",Water Creek,U3,Debris,WCU3,12,"PENA, S, H",PENA,H,PENA,PENA,S,H,,,,,,,,
12/13/22,1,"LU, LP, EH",Water Creek,U3,Debris,WCU3,13,"PENA, S, H",PENA,H,PENA,PENA,S,H,,,,,,,,90
12/13/22,1,"LU, LP, EH",Water Creek,U3,Debris,WCU3,14,"HAST, S, R",HAST,R,HAST,HAST,S,R,,,,,,,,
12/13/22,1,"LU, LP, EH",Water Creek,U3,Debris,WCU3,15,"DRHMA, R",DRHMA,R,DRHMA,DRHMA,R,,,,,,,,,
12/13/22,1,"LU, LP, EH",Water Creek,U3,Debris,WCU3,16,"PENA, S",PENA,S,PENA,PENA,S,,,,,,,,,
12/13/22,1,"LU, LP, EH",Water Creek,U3,Debris,WCU3,17,"PENA, S",PENA,S,PENA,PENA,S,,,,,,,,,
12/13/22,1,"LU, LP, EH",Water Creek,U3,Debris,WCU3,18,S,S,S,S,S,,,,,,,,,,91
12/13/22,1,"LU, LP, EH",Water Creek,U3,Debris,WCU3,19,"PENA, S, H",PENA,H,PENA,PENA,S,H,,,,,,,,
12/13/22,1,"LU, LP, EH",Water Creek,U3,Debris,WCU3,20,"HAST, S, H",HAST,H,HAST,HAST,S,H,,,,,,,,
12/13/22,1,"LU, LP, EH",Water Creek,U3,Debris,WCU3,21,"PENA, S, H",PENA,H,PENA,PENA,S,H,,,,,,,,
12/13/22,1,"LU, LP, EH",Water Creek,U3,Debris,WCU3,22,"PENA, S",PENA,S,PENA,PENA,S,,,,,,,,,
12/13/22,1,"LU, LP, EH",Water Creek,U3,Debris,WCU3,23,"PENA, S",PENA,S,PENA,PENA,S,,,,,,,,,81
12/13/22,1,"LU, LP, EH",Water Creek,U3,Debris,WCU3,24,"PENA, S, WD, H",PENA,H,PENA,PENA,S,WD,H,,,,,,,
12/13/22,1,"LU, LP, EH",Water Creek,U3,Debris,WCU3,25,"PENA, S, H",PENA,H,PENA,PENA,S,H,,,,,,,,
12/13/22,1,"LU, LP, EH",Water Creek,U3,Debris,WCU3,26,"PENA, S, H",PENA,H,PENA,PENA,S,H,,,,,,,,
12/13/22,1,"LU, LP, EH",Water Creek,U3,Debris,WCU3,27,"PENA, S, H",PENA,H,PENA,PENA,S,H,,,,,,,,
12/13/22,1,"LU, LP, EH",Water Creek,U3,Debris,WCU3,28,"PENA, S, H",PENA,H,PENA,PENA,S,H,,,,,,,,71
12/13/22,1,"LU, LP, EH",Water Creek,U3,Debris,WCU3,29,"DRHMA, S",DRHMA,S,DRHMA,DRHMA,S,,,,,,,,,
12/13/22,1,"LU, LP, EH",Water Creek,U3,Debris,WCU3,30,"PENA, S, H",PENA,H,PENA,PENA,S,H,,,,,,,,
12/13/22,1,"LU, LP, EH",Water Creek,U3,Debris,WCU3,31,"TURF- DRHMA, PENA, S",TURF,S,TURF,TURF,DRHMA,PENA,S,,,,,,,
12/13/22,1,"LU, LP, EH",Water Creek,U3,Debris,WCU3,32,"PENA, S, H",PENA,H,PENA,PENA,S,H,,,,,,,,
12/13/22,1,"LU, LP, EH",Water Creek,U3,Debris,WCU3,33,"PENA, DRHMA, S, H",PENA,H,PENA,PENA,DRHMA,S,H,,,,,,,64
12/13/22,1,"LU, LP, EH",Water Creek,U3,Debris,WCU3,34,"DRHMA, PENA, H",DRHMA,H,DRHMA,DRHMA,PENA,H,,,,,,,,
12/13/22,1,"LU, LP, EH",Water Creek,U3,Debris,WCU3,35,"PENA, S, H",PENA,H,PENA,PENA,S,H,,,,,,,,
12/13/22,1,"LU, LP, EH",Water Creek,U3,Debris,WCU3,36,"PENA, S, H",PENA,H,PENA,PENA,S,H,,,,,,,,
12/13/22,1,"LU, LP, EH",Water Creek,U3,Debris,WCU3,37,"PENA, S, H",PENA,H,PENA,PENA,S,H,,,,,,,,
12/13/22,1,"LU, LP, EH",Water Creek,U3,Debris,WCU3,38,"PENA, S, H",PENA,H,PENA,PENA,S,H,,,,,,,,60
12/13/22,1,"LU, LP, EH",Water Creek,U3,Debris,WCU3,39,"PENA, S, H",PENA,H,PENA,PENA,S,H,,,,,,,,
12/13/22,1,"LU, LP, EH",Water Creek,U3,Debris,WCU3,40,"PENA, S, H",PENA,H,PENA,PENA,S,H,,,,,,,,
12/13/22,1,"LU, LP, EH",Water Creek,U3,Debris,WCU3,41,"PENA, S, H",PENA,H,PENA,PENA,S,H,,,,,,,,
12/13/22,1,"LU, LP, EH",Water Creek,U3,Debris,WCU3,42,"#102, WD, S, H",ALGA2,H,ALGA2,ALGA2,WD,S,H,,,,,,,
12/13/22,1,"LU, LP, EH",Water Creek,U3,Debris,WCU3,43,"PENA, S, H",PENA,H,PENA,PENA,S,H,,,,,,,,59
12/13/22,1,"LU, LP, EH",Water Creek,U3,Debris,WCU3,44,"PENA, S, H",PENA,H,PENA,PENA,S,H,,,,,,,,
12/13/22,1,"LU, LP, EH",Water Creek,U3,Debris,WCU3,45,"PENA, HAST, #102, S, H",PENA,H,PENA,PENA,HAST,ALGA2,S,H,,,,,,
12/13/22,1,"LU, LP, EH",Water Creek,U2,Debris,WCU2,1,AMPH-R,AMPH,R,AMPH,AMPH,R,,,,,,,,,
12/13/22,1,"LU, LP, EH",Water Creek,U2,Debris,WCU2,2,"DICT, R, H",DICT,H,DICT,DICT,R,H,,,,,,,,
12/13/22,1,"LU, LP, EH",Water Creek,U2,Debris,WCU2,3,"DRHMA, CASE, DICT, TURF-H",DRHMA,H,DRHMA,DRHMA,CASE,DICT,TURF,H,,,,,,
12/13/22,1,"LU, LP, EH",Water Creek,U2,Debris,WCU2,4,"TURF-DRHMA, DICT, CASE, H",TURF,H,TURF,TURF,DRHMA,DICT,CASE,H,,,,,,
12/13/22,1,"LU, LP, EH",Water Creek,U2,Debris,WCU2,5,"TURF- DRHMA, AMPH, H",TURF,H,TURF,TURF,DRHMA,AMPH,H,,,,,,,
12/13/22,1,"LU, LP, EH",Water Creek,U2,Debris,WCU2,6,TURF-R,TURF,R,TURF,TURF,R,,,,,,,,,
12/13/22,1,"LU, LP, EH",Water Creek,U2,Debris,WCU2,7,"#117, R",SPONGE7,R,SPONGE7,SPONGE7,R,,,,,,,,,
12/13/22,1,"LU, LP, EH",Water Creek,U2,Debris,WCU2,8,"TURF- DRHMA, #118",TURF,H,TURF,TURF,DRHMA,UNKN1,H,,,,,,,
12/13/22,1,"LU, LP, EH",Water Creek,U2,Debris,WCU2,9,"PENA, DICT, H",PENA,H,PENA,PENA,DICT,H,,,,,,,,
12/13/22,1,"LU, LP, EH",Water Creek,U2,Debris,WCU2,10,"DICT, TURF-R",DICT,R,DICT,DICT,TURF,R,,,,,,,,
12/13/22,1,"LU, LP, EH",Water Creek,U2,Debris,WCU2,11,AMPH-R,AMPH,R,AMPH,AMPH,R,,,,,,,,,
12/13/22,1,"LU, LP, EH",Water Creek,U2,Debris,WCU2,12,"TURF-DRHMA, DICT-R",TURF,R,TURF,TURF,DRHMA,DICT,R,,,,,,,
12/13/22,1,"LU, LP, EH",Water Creek,U2,Debris,WCU2,13,"DRHMA, DICT, AMPH-H",DRHMA,H,DRHMA,DRHMA,DICT,AMPH,H,,,,,,,
12/13/22,1,"LU, LP, EH",Water Creek,U2,Debris,WCU2,14,"AMPH, TURF-H",AMPH,H,AMPH,AMPH,TURF,H,,,,,,,,
12/13/22,1,"LU, LP, EH",Water Creek,U2,Debris,WCU2,15,"DICT, TURF-H",DICT,H,DICT,DICT,TURF,H,,,,,,,,
12/13/22,1,"LU, LP, EH",Water Creek,U2,Debris,WCU2,16,"AMPH, CASE, R",AMPH,R,AMPH,AMPH,CASE,R,,,,,,,,
12/13/22,1,"LU, LP, EH",Water Creek,U2,Debris,WCU2,17,"TURF- DRHMA, DICT, AMPH-R",TURF,R,TURF,TURF,DRHMA,DICT,AMPH,R,,,,,,
12/13/22,1,"LU, LP, EH",Water Creek,U2,Debris,WCU2,18,"DRHMA, #120, #121-R",DRHMA,R,DRHMA,DRHMA,ALGA3,HALI,R,,,,,,,
12/13/22,1,"LU, LP, EH",Water Creek,U2,Debris,WCU2,19,"DICT, 121, 120, AMPH, R",DICT,R,DICT,DICT,HALI,ALGA3,AMPH,R,,,,,,
12/13/22,1,"LU, LP, EH",Water Creek,U2,Debris,WCU2,20,TURF-R,TURF,R,TURF,TURF,R,,,,,,,,,
12/13/22,1,"LU, LP, EH",Water Creek,U2,Debris,WCU2,21,"S, R",S,R,S,S,R,,,,,,,,,
12/13/22,1,"LU, LP, EH",Water Creek,U2,Debris,WCU2,22,"120, 122, R",ALGA3,R,ALGA3,ALGA3,UKN,R,,,,,,,,
12/13/22,1,"LU, LP, EH",Water Creek,U2,Debris,WCU2,23,"120, AMPH, R",ALGA3,R,ALGA3,ALGA3,AMPH,R,,,,,,,,
12/13/22,1,"LU, LP, EH",Water Creek,U2,Debris,WCU2,24,"AMPH, TURF-R",AMPH,R,AMPH,AMPH,TURF,R,,,,,,,,
12/13/22,1,"LU, LP, EH",Water Creek,U2,Debris,WCU2,25,"DICT, 120, S, R",DICT,R,DICT,DICT,ALGA3,S,R,,,,,,,
12/13/22,1,"LU, LP, EH",Water Creek,U2,Debris,WCU2,26,120-R,ALGA3,R,ALGA3,ALGA3,R,,,,,,,,,
12/13/22,1,"LU, LP, EH",Water Creek,U2,Debris,WCU2,27,"TURF- RHMA, 120-R",TURF,R,TURF,TURF,RHMA,ALGA3,R,,,,,,,
12/13/22,1,"LU, LP, EH",Water Creek,U2,Debris,WCU2,28,"TURF-DRHMA, DICT, 120, AMPH, 124, RAMI, R",TURF,R,TURF,TURF,DRHMA,DICT,ALGA3,AMPH,SPONGE8,RAMI,R,,,
12/13/22,1,"LU, LP, EH",Water Creek,U2,Debris,WCU2,29,"TURF, CCA-R",TURF,R,TURF,TURF,CCA,R,,,,,,,,
12/13/22,1,"LU, LP, EH",Water Creek,U2,Debris,WCU2,30,"120, AMPH, R",ALGA3,R,ALGA3,ALGA3,AMPH,R,,,,,,,,
12/13/22,1,"LU, LP, EH",Water Creek,U2,Debris,WCU2,31,"DRHMA, DICT, CASE-R",DRHMA,R,DRHMA,DRHMA,DICT,CASE,R,,,,,,,
12/13/22,1,"LU, LP, EH",Water Creek,U2,Debris,WCU2,32,"PENA, 120, R",PENA,R,PENA,PENA,ALGA3,R,,,,,,,,
12/13/22,1,"LU, LP, EH",Water Creek,U2,Debris,WCU2,33,"120, AMPH, R",ALGA3,R,ALGA3,ALGA3,AMPH,R,,,,,,,,
12/13/22,1,"LU, LP, EH",Water Creek,U2,Debris,WCU2,34,"PENA, DICT, AMPH",PENA,R,PENA,PENA,DICT,AMPH,R,,,,,,,
12/13/22,1,"LU, LP, EH",Water Creek,U2,Debris,WCU2,35,"AMPH, TURF-AMPH, R",AMPH,R,AMPH,AMPH,TURF,AMPH,R,,,,,,,
12/13/22,1,"LU, LP, EH",Water Creek,U2,Debris,WCU2,36,"120, AMPH, R",ALGA3,R,ALGA3,ALGA3,AMPH,R,,,,,,,,
12/13/22,1,"LU, LP, EH",Water Creek,U2,Debris,WCU2,37,"DRHMA, AMPH, R",DRHMA,R,DRHMA,DRHMA,AMPH,R,,,,,,,,
12/13/22,1,"LU, LP, EH",Water Creek,U2,Debris,WCU2,38,"TURF-DRHMA, 120, DICT, R",TURF,R,TURF,TURF,DRHMA,ALGA3,DICT,R,,,,,,
12/13/22,1,"LU, LP, EH",Water Creek,U2,Debris,WCU2,39,"120, TURF-120, R",ALGA3,R,ALGA3,ALGA3,TURF,ALGA3,R,,,,,,,
12/13/22,1,"LU, LP, EH",Water Creek,U2,Debris,WCU2,40,"120, RAMI-R",ALGA3,R,ALGA3,ALGA3,RAMI,R,,,,,,,,
12/13/22,1,"LU, LP, EH",Water Creek,U2,Debris,WCU2,41,"DRHMA, 120, RAMI-R",DRHMA,R,DRHMA,DRHMA,ALGA3,RAMI,R,,,,,,,
12/13/22,1,"LU, LP, EH",Water Creek,U2,Debris,WCU2,42,"120, PENA, RAMI-R",ALGA3,R,ALGA3,ALGA3,PENA,RAMI,R,,,,,,,
12/13/22,1,"LU, LP, EH",Water Creek,U2,Debris,WCU2,43,"143, R",CASP,R,CASP,CASP,R,,,,,,,,,
12/13/22,1,"LU, LP, EH",Water Creek,U2,Debris,WCU2,44,"DICT, AMPH, R",DICT,R,DICT,DICT,AMPH,R,,,,,,,,
12/13/22,1,"LU, LP, EH",Water Creek,U2,Debris,WCU2,45,"TURF-AMPH, S, H",TURF,H,TURF,TURF,AMPH,S,H,,,,,,,
1/6/23,2,LU,Water Creek,S1,Fringe,WCS1,1,"LRHMA, DICT, S, HB",DICT,H,LRHMA,DICT,DICT,S,H,,,,,,,
1/6/23,2,LU,Water Creek,S1,Fringe,WCS1,2,"LRHMA, DICT, S, HB",DICT,H,LRHMA,DICT,DICT,S,H,,,,,,,
1/6/23,2,LU,Water Creek,S1,Fringe,WCS1,3,"LRHMA, UDOT, S, HB",UDOT,H,LRHMA,UDOT,UDOT,S,H,,,,,,,145
1/6/23,2,LU,Water Creek,S1,Fringe,WCS1,4,"LRHMA, DICT, S, HB",DICT,H,LRHMA,DICT,DICT,S,H,,,,,,,
1/6/23,2,LU,Water Creek,S1,Fringe,WCS1,5,"LRHMA, S, HB",S,H,LRHMA,S,S,H,,,,,,,,
1/6/23,2,LU,Water Creek,S1,Fringe,WCS1,6,"LRHMA, S, HB",S,H,LRHMA,S,S,H,,,,,,,,
1/6/23,2,LU,Water Creek,S1,Fringe,WCS1,7,"LRHMA, PENA, S, HB",PENA,H,LRHMA,PENA,PENA,S,H,,,,,,,
1/6/23,2,LU,Water Creek,S1,Fringe,WCS1,8,"LRHMA, PENA, S, HB",PENA,H,LRHMA,PENA,PENA,S,H,,,,,,,140
1/6/23,2,LU,Water Creek,S1,Fringe,WCS1,9,"LRHMA, S, HB",S,H,LRHMA,S,S,H,,,,,,,,
1/6/23,2,LU,Water Creek,S1,Fringe,WCS1,10,"LRHMA, HAST, S, HB",HAST,H,LRHMA,HAST,HAST,S,H,,,,,,,
1/6/23,2,LU,Water Creek,S1,Fringe,WCS1,11,"LRHMA, S, HB",S,H,LRHMA,S,S,H,,,,,,,,
1/6/23,2,LU,Water Creek,S1,Fringe,WCS1,12,"LRHMA, DICT, S, HB",DICT,H,LRHMA,DICT,DICT,S,H,,,,,,,
1/6/23,2,LU,Water Creek,S1,Fringe,WCS1,13,"LRHMA, DICT, PENA, S, HB",DICT,H,LRHMA,DICT,DICT,PENA,S,H,,,,,,136
1/6/23,2,LU,Water Creek,S1,Fringe,WCS1,14,"LRHMA, DICT, S, HB",DICT,H,LRHMA,DICT,DICT,S,H,,,,,,,
1/6/23,2,LU,Water Creek,S1,Fringe,WCS1,15,"LRHMA, PENA, S, HB",DICT,H,LRHMA,DICT,DICT,S,H,,,,,,,
1/6/23,2,LU,Water Creek,S1,Fringe,WCS1,16,"LRHMA, S, HB",S,H,LRHMA,S,S,H,,,,,,,,
1/6/23,2,LU,Water Creek,S1,Fringe,WCS1,17,"LRHMA, PENA, S, HB",PENA,H,LRHMA,PENA,PENA,S,H,,,,,,,
1/6/23,2,LU,Water Creek,S1,Fringe,WCS1,18,"LRHMA, PENA, DICT, S, HB",PENA,H,LRHMA,PENA,PENA,DICT,S,H,,,,,,133
1/6/23,2,LU,Water Creek,S1,Fringe,WCS1,19,"LRHMA, DICT, S, HB",DICT,H,LRHMA,DICT,DICT,S,H,,,,,,,
1/6/23,2,LU,Water Creek,S1,Fringe,WCS1,20,"LRHMA, DICT, S, HB",DICT,H,LRHMA,DICT,DICT,S,H,,,,,,,
1/6/23,2,LU,Water Creek,S1,Fringe,WCS1,21,"LRHMA, S, HB",S,H,LRHMA,S,S,H,,,,,,,,
1/6/23,2,LU,Water Creek,S1,Fringe,WCS1,22,"LRHMA, DICT, S, HB",DICT,H,LRHMA,DICT,DICT,S,H,,,,,,,
1/6/23,2,LU,Water Creek,S1,Fringe,WCS1,23,"LRHMA, DICT, S, HB",DICT,H,LRHMA,DICT,DICT,S,H,,,,,,,133
1/6/23,2,LU,Water Creek,S1,Fringe,WCS1,24,"LRHMA, DICT, S, HB",DICT,H,LRHMA,DICT,DICT,S,H,,,,,,,
1/6/23,2,LU,Water Creek,S1,Fringe,WCS1,25,"LRHMA, S, HB",S,H,LRHMA,S,S,H,,,,,,,,
1/6/23,2,LU,Water Creek,S1,Fringe,WCS1,26,"LRHMA, S, HB",S,H,LRHMA,S,S,H,,,,,,,,
1/6/23,2,LU,Water Creek,S1,Fringe,WCS1,27,"LRHMA, S, HB",S,H,LRHMA,S,S,H,,,,,,,,
1/6/23,2,LU,Water Creek,S1,Fringe,WCS1,28,"LRHMA, S, HB",S,H,LRHMA,S,S,H,,,,,,,,130
1/6/23,2,LU,Water Creek,S1,Fringe,WCS1,29,"LRHMA, S, HB",S,H,LRHMA,S,S,H,,,,,,,,
1/6/23,2,LU,Water Creek,S1,Fringe,WCS1,30,"LRHMA, DICT, S, HB",DICT,H,LRHMA,DICT,DICT,S,H,,,,,,,
1/6/23,2,LU,Water Creek,S1,Fringe,WCS1,31,"LRHMA, S, TURF, HB",S,H,LRHMA,S,S,TURF,H,,,,,,,
1/6/23,2,LU,Water Creek,S1,Fringe,WCS1,32,"LRHMA, S, TURF, HB",S,H,LRHMA,S,S,TURF,H,,,,,,,
1/6/23,2,LU,Water Creek,S1,Fringe,WCS1,33,"LRHMA, S, TURF, HB",S,H,LRHMA,S,S,TURF,H,,,,,,,119
1/6/23,2,LU,Water Creek,S1,Fringe,WCS1,34,"LRHMA, S, TURF, HB",S,H,LRHMA,S,S,TURF,H,,,,,,,
1/6/23,2,LU,Water Creek,S1,Fringe,WCS1,35,"LRHMA, S, TURF, HB",S,H,LRHMA,S,S,TURF,H,,,,,,,
1/6/23,2,LU,Water Creek,S1,Fringe,WCS1,36,"LRHMA, S, TURF, HB",S,H,LRHMA,S,S,TURF,H,,,,,,,
1/6/23,2,LU,Water Creek,S1,Fringe,WCS1,37,"LRHMA, S, TURF, HB",S,H,LRHMA,S,S,TURF,H,,,,,,,
1/6/23,2,LU,Water Creek,S1,Fringe,WCS1,38,"LRHMA, TURF-P, S-HB",TURF,H,LRHMA,TURF,TURF,P,S,H,,,,,,89
1/6/23,2,LU,Water Creek,S1,Fringe,WCS1,39,"LRHMA, S, TURF, HB",S,H,LRHMA,S,S,TURF,H,,,,,,,
1/6/23,2,LU,Water Creek,S1,Fringe,WCS1,40,"LRHMA, S, TURF, HB",S,H,LRHMA,S,S,TURF,H,,,,,,,
1/6/23,2,LU,Water Creek,S1,Fringe,WCS1,41,"LRHMA, S, TURF, HB",S,H,LRHMA,S,S,TURF,H,,,,,,,
1/6/23,2,LU,Water Creek,S1,Fringe,WCS1,42,"LRHMA, TURF-P, S, TURF-HB",TURF,H,LRHMA,TURF,TURF,P,S,TURF,H,,,,,
1/6/23,2,LU,Water Creek,S1,Fringe,WCS1,43,"LRHMA, #192 - P, S, TURF, HB",SPONGE3,H,LRHMA,SPONGE3,SPONGE3,P,S,TURF,H,,,,,83
1/6/23,2,LU,Water Creek,S1,Fringe,WCS1,44,"LRHMA, TURF, ISAL-P, S, TURF-HB",TURF,H,LRHMA,TURF,TURF,ISAL,P,S,TURF,H,,,,
1/6/23,2,LU,Water Creek,S1,Fringe,WCS1,45,"LRHMA, TURF, #193  - P, S, TURF - HB",TURF,H,LRHMA,TURF,TURF,CLCU,P,S,TURF,H,,,,
1/6/23,2,LU,Water Creek,U1,Debris,WCU1,1,"S, HB",S,H,S,S,H,,,,,,,,,
1/6/23,2,LU,Water Creek,U1,Debris,WCU1,2,"HAST, S, HB",S,H,HAST,S,S,H,,,,,,,,
1/6/23,2,LU,Water Creek,U1,Debris,WCU1,3,"CASE, S, HB",S,H,CASE,S,S,H,,,,,,,,135
1/6/23,2,LU,Water Creek,U1,Debris,WCU1,4,"HAST, S, HB",S,H,HAST,S,S,H,,,,,,,,
1/6/23,2,LU,Water Creek,U1,Debris,WCU1,5,"HAST, S, HB",S,H,HAST,S,S,H,,,,,,,,
1/6/23,2,LU,Water Creek,U1,Debris,WCU1,6,"HAST, S, HB",S,H,HAST,S,S,H,,,,,,,,
1/6/23,2,LU,Water Creek,U1,Debris,WCU1,7,"HAST, S, HB",S,H,HAST,S,S,H,,,,,,,,
1/6/23,2,LU,Water Creek,U1,Debris,WCU1,8,"HAST, HB",H,H,HAST,H,H,,,,,,,,,123
1/6/23,2,LU,Water Creek,U1,Debris,WCU1,9,"HAST, S, HB",S,H,HAST,S,S,H,,,,,,,,
1/6/23,2,LU,Water Creek,U1,Debris,WCU1,10,"S, HB",H,H,S,H,H,,,,,,,,,
1/6/23,2,LU,Water Creek,U1,Debris,WCU1,11,R,R,H,R,R,,,,,,,,,,
1/6/23,2,LU,Water Creek,U1,Debris,WCU1,12,R,R,R,R,R,,,,,,,,,,
1/6/23,2,LU,Water Creek,U1,Debris,WCU1,13,"HAST, HB",H,H,HAST,H,H,,,,,,,,,118
1/6/23,2,LU,Water Creek,U1,Debris,WCU1,14,"HAST, S, HB",S,H,HAST,S,S,H,,,,,,,,
1/6/23,2,LU,Water Creek,U1,Debris,WCU1,15,"HAST, CASE, S, HB",CASE,H,HAST,CASE,CASE,S,H,,,,,,,
1/6/23,2,LU,Water Creek,U1,Debris,WCU1,16,"HAST, S, HB",S,H,HAST,S,S,H,,,,,,,,
1/6/23,2,LU,Water Creek,U1,Debris,WCU1,17,"HAST, S, HB",S,H,HAST,S,S,H,,,,,,,,
1/6/23,2,LU,Water Creek,U1,Debris,WCU1,18,"HAST, S, HB",S,H,HAST,S,S,H,,,,,,,,114
1/6/23,2,LU,Water Creek,U1,Debris,WCU1,19,"PENA, HAST, S, HB",HAST,H,PENA,HAST,HAST,S,H,,,,,,,
1/6/23,2,LU,Water Creek,U1,Debris,WCU1,20,"HAST, S, HB",S,H,HAST,S,S,H,,,,,,,,
1/6/23,2,LU,Water Creek,U1,Debris,WCU1,21,"TURF, HB",H,H,TURF,H,H,,,,,,,,,
1/6/23,2,LU,Water Creek,U1,Debris,WCU1,22,"TURF, HB",H,H,TURF,H,H,,,,,,,,,
1/6/23,2,LU,Water Creek,U1,Debris,WCU1,23,"JAAD, HAST, S, HB",HAST,H,JAAD,HAST,HAST,S,H,,,,,,,93
1/6/23,2,LU,Water Creek,U1,Debris,WCU1,24,"HAST, S, HB",S,H,HAST,S,S,H,,,,,,,,
1/6/23,2,LU,Water Creek,U1,Debris,WCU1,25,"HAST, PENA, S, HB",PENA,H,HAST,PENA,PENA,S,H,,,,,,,
1/6/23,2,LU,Water Creek,U1,Debris,WCU1,26,"TURF, HB",H,H,TURF,H,H,,,,,,,,,
1/6/23,2,LU,Water Creek,U1,Debris,WCU1,27,"TURF, HB",H,H,TURF,H,H,,,,,,,,,
1/6/23,2,LU,Water Creek,U1,Debris,WCU1,28,"TURF, HB",H,H,TURF,H,H,,,,,,,,,58
1/6/23,2,LU,Water Creek,U1,Debris,WCU1,29,"TURF, HB",H,H,TURF,H,H,,,,,,,,,
1/6/23,2,LU,Water Creek,U1,Debris,WCU1,30,"HAST, S, HB",S,H,HAST,S,S,H,,,,,,,,
1/6/23,2,LU,Water Creek,U1,Debris,WCU1,31,"TURF, HB",H,H,TURF,H,H,,,,,,,,,
1/6/23,2,LU,Water Creek,U1,Debris,WCU1,32,"TURF, HB",H,H,TURF,H,H,,,,,,,,,
1/6/23,2,LU,Water Creek,U1,Debris,WCU1,33,"TURF, HB",H,H,TURF,H,H,,,,,,,,,43
1/6/23,2,LU,Water Creek,U1,Debris,WCU1,34,"#183, TURF, HB",TURF,H,ALGA4,TURF,TURF,H,,,,,,,,
1/6/23,2,LU,Water Creek,U1,Debris,WCU1,35,"TURF, HB",H,H,TURF,H,H,,,,,,,,,
1/6/23,2,LU,Water Creek,U1,Debris,WCU1,36,"PENA, TURF, HB",TURF,H,PENA,TURF,TURF,H,,,,,,,,
1/6/23,2,LU,Water Creek,U1,Debris,WCU1,37,"PENA, TURF, HB",TURF,H,PENA,TURF,TURF,H,,,,,,,,
1/6/23,2,LU,Water Creek,U1,Debris,WCU1,38,"DRHMA,  HAST, TURF- HB",HAST,H,DRHMA,HAST,HAST,TURF,H,,,,,,,38
1/6/23,2,LU,Water Creek,U1,Debris,WCU1,39,"HAST, TURF, HB",TURF,H,HAST,TURF,TURF,H,,,,,,,,
1/6/23,2,LU,Water Creek,U1,Debris,WCU1,40,"TURF, HB",H,H,TURF,H,H,,,,,,,,,
1/6/23,2,LU,Water Creek,U1,Debris,WCU1,41,"TURF, HB",H,H,TURF,H,H,,,,,,,,,
1/6/23,2,LU,Water Creek,U1,Debris,WCU1,42,"DRHMA, TURF-HB",TURF,H,DRHMA,TURF,TURF,H,,,,,,,,
1/6/23,2,LU,Water Creek,U1,Debris,WCU1,43,"DRHMA, TURF-HB",TURF,H,DRHMA,TURF,TURF,H,,,,,,,,33
1/6/23,2,LU,Water Creek,U1,Debris,WCU1,44,"DRHMA, TURF-HB",TURF,H,DRHMA,TURF,TURF,H,,,,,,,,
1/6/23,2,LU,Water Creek,U1,Debris,WCU1,45,"DRHMA, TURF-HB",TURF,H,DRHMA,TURF,TURF,H,,,,,,,,
1/6/23,2,LU,Water Creek,S2,Fringe,WCS2,1,"LRHMA, HAST, S",HAST,S,LRHMA,HAST,HAST,S,,,,,,,,
1/6/23,2,LU,Water Creek,S2,Fringe,WCS2,2,"LRHMA, HAST, S",HAST,S,LRHMA,HAST,HAST,S,,,,,,,,
1/6/23,2,LU,Water Creek,S2,Fringe,WCS2,3,"LRHMA, HAST, S",HAST,S,LRHMA,HAST,HAST,S,,,,,,,,124
1/6/23,2,LU,Water Creek,S2,Fringe,WCS2,4,"LRHMA, DICT, HAST, S",DICT,S,LRHMA,DICT,DICT,HAST,S,,,,,,,
1/6/23,2,LU,Water Creek,S2,Fringe,WCS2,5,"LRHMA, S",S,S,LRHMA,S,S,,,,,,,,,
1/6/23,2,LU,Water Creek,S2,Fringe,WCS2,6,"LRHMA, S",S,S,LRHMA,S,S,,,,,,,,,
1/6/23,2,LU,Water Creek,S2,Fringe,WCS2,7,"LRHMA, DICT, S",DICT,S,LRHMA,DICT,DICT,S,,,,,,,,
1/6/23,2,LU,Water Creek,S2,Fringe,WCS2,8,"LRHMA, S",S,S,LRHMA,S,S,,,,,,,,,114
1/6/23,2,LU,Water Creek,S2,Fringe,WCS2,9,"LRHMA, S",S,S,LRHMA,S,S,,,,,,,,,
1/6/23,2,LU,Water Creek,S2,Fringe,WCS2,10,"LRHMA, S",S,S,LRHMA,S,S,,,,,,,,,
1/6/23,2,LU,Water Creek,S2,Fringe,WCS2,11,"LRHMA, HAST, S",HAST,S,LRHMA,HAST,HAST,S,,,,,,,,
1/6/23,2,LU,Water Creek,S2,Fringe,WCS2,12,"LRHMA, HAST, S",HAST,S,LRHMA,HAST,HAST,S,,,,,,,,
1/6/23,2,LU,Water Creek,S2,Fringe,WCS2,13,"LRHMA, HAST, S",HAST,S,LRHMA,HAST,HAST,S,,,,,,,,100
1/6/23,2,LU,Water Creek,S2,Fringe,WCS2,14,"LRHMA, PENA, S",PENA,S,LRHMA,PENA,PENA,S,,,,,,,,
1/6/23,2,LU,Water Creek,S2,Fringe,WCS2,15,"LRHMA, HAST, S",HAST,S,LRHMA,HAST,HAST,S,,,,,,,,
1/6/23,2,LU,Water Creek,S2,Fringe,WCS2,16,"LRHMA, S",S,S,LRHMA,S,S,,,,,,,,,
1/6/23,2,LU,Water Creek,S2,Fringe,WCS2,17,"LRHMA, HAST, S",HAST,S,LRHMA,HAST,HAST,S,,,,,,,,
1/6/23,2,LU,Water Creek,S2,Fringe,WCS2,18,"LRHMA, TURF, MDM , S",TURF,S,LRHMA,TURF,TURF,MDM,S,,,,,,,98
1/6/23,2,LU,Water Creek,S2,Fringe,WCS2,19,"LRHMA, TURF, MDM, S",TURF,S,LRHMA,TURF,TURF,MDM,S,,,,,,,
1/6/23,2,LU,Water Creek,S2,Fringe,WCS2,20,"LRHMA, HAST, S",HAST,S,LRHMA,HAST,HAST,S,,,,,,,,
1/6/23,2,LU,Water Creek,S2,Fringe,WCS2,21,"LRHMA, S",S,S,LRHMA,S,S,,,,,,,,,
1/6/23,2,LU,Water Creek,S2,Fringe,WCS2,22,"LRHMA, S",S,S,LRHMA,S,S,,,,,,,,,
1/6/23,2,LU,Water Creek,S2,Fringe,WCS2,23,"LRHMA, S",S,S,LRHMA,S,S,,,,,,,,,87
1/6/23,2,LU,Water Creek,S2,Fringe,WCS2,24,"LRHMA, HAST, S",HAST,S,LRHMA,HAST,HAST,S,,,,,,,,
1/6/23,2,LU,Water Creek,S2,Fringe,WCS2,25,"LRHMA, DICT, HAST, S",DICT,S,LRHMA,DICT,DICT,HAST,S,,,,,,,
1/6/23,2,LU,Water Creek,S2,Fringe,WCS2,26,"LRHMA, TURF, DRHMA, S",TURF,S,LRHMA,TURF,TURF,DRHMA,S,,,,,,,
1/6/23,2,LU,Water Creek,S2,Fringe,WCS2,27,"LRHMA, S",S,S,LRHMA,S,S,,,,,,,,,
1/6/23,2,LU,Water Creek,S2,Fringe,WCS2,28,"LRHMA, #154, R",CASP,R,LRHMA,CASP,CASP,R,,,,,,,,72
1/6/23,2,LU,Water Creek,S2,Fringe,WCS2,29,"LRHMA, S, HB",S,H,LRHMA,S,S,H,,,,,,,,
1/6/23,2,LU,Water Creek,S2,Fringe,WCS2,30,"LRHMA, S, HB",S,H,LRHMA,S,S,H,,,,,,,,
1/6/23,2,LU,Water Creek,S2,Fringe,WCS2,31,"LRHMA, TURF, HB",TURF,H,LRHMA,TURF,TURF,H,,,,,,,,
1/6/23,2,LU,Water Creek,S2,Fringe,WCS2,32,"LRHMA, TURF, #158 - P, TURF, HB",TURF,H,LRHMA,TURF,TURF,TUNI,P,TURF,H,,,,,
1/6/23,2,LU,Water Creek,S2,Fringe,WCS2,33,"LRHMA, HAST, ISAL,HB",HAST,H,LRHMA,HAST,HAST,ISAL,H,,,,,,,57
1/6/23,2,LU,Water Creek,S2,Fringe,WCS2,34,"LRHMA, SSID, HB",SSID,H,LRHMA,SSID,SSID,H,,,,,,,,
1/6/23,2,LU,Water Creek,S2,Fringe,WCS2,35,"LRHMA, TURF, HB",TURF,H,LRHMA,TURF,TURF,H,,,,,,,,
1/6/23,2,LU,Water Creek,S2,Fringe,WCS2,36,"LRHMA, HAST, HB",TURF,H,LRHMA,TURF,TURF,H,,,,,,,,
1/6/23,2,LU,Water Creek,S2,Fringe,WCS2,37,"LRHMA, TURF, HB",TURF,H,LRHMA,TURF,TURF,H,,,,,,,,
1/6/23,2,LU,Water Creek,S2,Fringe,WCS2,38,"LRHMA, HAST, HB",HAST,H,LRHMA,HAST,HAST,H,,,,,,,,51
1/6/23,2,LU,Water Creek,S2,Fringe,WCS2,39,"LRHMA, HAST, HB",HAST,H,LRHMA,HAST,HAST,H,,,,,,,,
1/6/23,2,LU,Water Creek,S2,Fringe,WCS2,40,"LRHMA, TURF, HB",TURF,H,LRHMA,TURF,TURF,H,,,,,,,,
1/6/23,2,LU,Water Creek,S2,Fringe,WCS2,41,"LRHMA, TURF, HB",TURF,H,LRHMA,TURF,TURF,H,,,,,,,,
1/6/23,2,LU,Water Creek,S2,Fringe,WCS2,42,"LRHMA, HAST, HB",HAST,H,LRHMA,HAST,HAST,H,,,,,,,,
1/6/23,2,LU,Water Creek,S2,Fringe,WCS2,43,"LRHMA, TURF, HB",TURF,H,LRHMA,TURF,TURF,H,,,,,,,,49
1/6/23,2,LU,Water Creek,S2,Fringe,WCS2,44,"LRHMA, 167, HB",SPONGE9,H,LRHMA,SPONGE9,SPONGE9,H,,,,,,,,
1/6/23,2,LU,Water Creek,S2,Fringe,WCS2,45,"LRHMA, PICA,  HB",PICA,H,LRHMA,PICA,PICA,H,,,,,,,,