Date,Year,Names,Bay,Quadrat,Quadrat_Code,Habitat,Tag_ID,SPP,Photo_ID,Length_cm,Width_cm,Class,Surface_Area ,old_mort,recent_mort,Surv,BB,DS,WP,YB,SCTLD,BL,P,Predation,Notes
12/2/22,year_1,"LU, KH, AD",Otter Creek,S1,OCS1,fringe,102,SSID,102,35.719,31.973,adult,644.369,40,0,A,0,0,0,0,0,0,0,0,
12/1/22,year_1,"LU, JP, AD",Otter Creek,U1,OCU1,debris,105,PAST,105,1.358,1.146,juvenile,1.051,0,0,A,0,0,0,0,0,0,0,0,
12/1/22,year_1,"LU, JP, AD",Otter Creek,U1,OCU1,debris,108,PAST,108,1.927,0.988,juvenile,1.69,0,0,A,0,0,0,0,0,0,0,0,
12/1/22,year_1,"LU, JP, AD",Otter Creek,U1,OCU1,debris,110,PAST,110,1.621,1.242,juvenile,1.704,0,0,A,0,0,0,0,0,0,0,0,
12/1/22,year_1,"LU, JP, AD",Otter Creek,U1,OCU1,debris,111,PAST,111,0.91,0.749,juvenile,0.529,0,0,A,0,0,0,0,0,0,0,0,
12/1/22,year_1,"LU, JP, AD",Otter Creek,U1,OCU1,debris,112,PAST,112,5.737,2.469,adult,11.049,0,0,A,0,0,0,0,0,0,0,0,
12/2/22,year_1,"LU, KH, AD",Otter Creek,U3,OCU3,debris,115,SSID,115,13.212,7.088,adult,74.764,0,0,A,0,0,0,0,0,0,0,0,
12/2/22,year_1,"LU, KH, AD",Otter Creek,U3,OCU3,debris,116,SSID,116,13.14,13.118,adult,124.925,10,0,A,0,0,0,0,0,0,0,0,
12/12/22,year_1,LU,Otter Creek,S2,OCS2,fringe,117,PPOR,IMG_0688,5.324,4.599,adult,10.14,0,0,A,0,0,0,0,0,0,0,0,
12/2/22,year_1,"LU, KH, AD",Otter Creek,U3,OCU3,debris,120,SSID,120,2.748,2.724,juvenile,5.96,0,0,A,0,0,0,0,0,0,0,0,
12/1/22,year_1,"LU, JP, AD",Otter Creek,U1,OCU1,debris,123,SSID,123,11.857,10.536,adult,86.994,95,0,A,0,0,0,0,0,0,0,0,
12/2/22,year_1,"LU, KH, AD",Otter Creek,S1,OCS1,fringe,124,PAST,124-159-157,4.303,2.992,adult,6.729,0,0,A,0,0,0,0,0,0,0,0,
12/2/22,year_1,"LU, KH, AD",Otter Creek,U3,OCU3,debris,129,SSID,"129, 174, 164",2.812,1.665,juvenile,3.522,0,0,A,0,0,0,0,0,0,0,0,
12/2/22,year_1,"LU, KH, AD",Otter Creek,U3,OCU3,debris,130,SSID,130,29.064,23.398,adult,488.142,0,0,A,0,0,0,0,0,0,0,0,
12/2/22,year_1,"LU, KH, AD",Otter Creek,U3,OCU3,debris,131,SSID,"131, 137",4.243,1.839,adult,5.897,0,0,A,0,0,0,0,0,0,0,0,
12/2/22,year_1,"LU, KH, AD",Otter Creek,U3,OCU3,debris,136,PAST,136,4.121,2.379,adult,6.777,0,0,A,0,0,0,0,0,0,0,0,
12/2/22,year_1,"LU, KH, AD",Otter Creek,U3,OCU3,debris,137,SSID,"131, 137",8.318,4.88,adult,24.496,0,0,A,0,0,0,0,0,0,0,0,
12/1/22,year_1,"LU, JP, AD",Otter Creek,U1,OCU1,debris,139,PAST,139,3.815,3.356,juvenile,8.82,0,0,A,0,0,0,0,0,0,0,0,
12/2/22,year_1,"LU, KH, AD",Otter Creek,U3,OCU3,debris,140,SSID,140,12.915,5.766,adult,61.792,0,0,A,0,0,0,0,0,0,0,0,
12/12/22,year_1,LU,Otter Creek,S2,OCS2,fringe,141,PPOR,IMG_0687,1.685,1.419,juvenile,2.131,0,0,A,0,0,0,0,0,0,0,0,
12/12/22,year_1,LU,Otter Creek,S2,OCS2,fringe,142,AGSP,IMG_0683,2.565,1.174,juvenile,2.68,0,0,A,0,0,0,0,0,0,0,0,ON PROP ROOT
12/1/22,year_1,"LU, JP, AD",Otter Creek,U1,OCU1,debris,143,PAST,143,3.066,2.659,juvenile,6.711,0,0,A,0,0,0,0,0,0,0,0,
12/1/22,year_1,"LU, JP, AD",Otter Creek,U1,OCU1,debris,145,SSID,145,13.222,13.051,adult,132.211,0,0,A,0,0,0,0,0,0,0,0,
12/1/22,year_1,"LU, JP, AD",Otter Creek,U1,OCU1,debris,146,PAST,146,6.284,5.946,adult,24.197,0,0,A,0,0,0,0,0,0,0,0,was not recorded on datasheet or missing sheet?
12/2/22,year_1,"LU, KH, AD",Otter Creek,U3,OCU3,debris,147,SSID,147,6.775,6.576,adult,36.596,0,0,A,0,0,0,0,0,0,0,0,
12/12/22,year_1,LU,Otter Creek,S2,OCS2,fringe,149,PPOR,IMG_0686,3.781,1.553,juvenile,5.215,0,0,A,0,0,0,0,0,0,0,0,
12/2/22,year_1,"LU, KH, AD",Otter Creek,S1,OCS1,fringe,150,PAST,150 (1),7.368,6.266,adult,35.01,5,0,A,0,0,0,0,0,0,0,0,feather worm hole (?) in center of coral
12/2/22,year_1,"LU, KH, AD",Otter Creek,S1,OCS1,fringe,157,SSID,124-159-157,1.136,1.09,juvenile,0.888,0,0,A,0,0,0,0,0,0,0,0,
12/2/22,year_1,"LU, KH, AD",Otter Creek,U3,OCU3,debris,158,SSID,158,3.28,2.271,juvenile,5.847,0,0,A,0,0,0,0,0,0,0,0,
12/2/22,year_1,"LU, KH, AD",Otter Creek,S1,OCS1,fringe,159,SSID,124-159-157,2.161,1.638,juvenile,2.967,0,0,A,0,0,0,0,0,0,0,0,
12/2/22,year_1,"LU, KH, AD",Otter Creek,U3,OCU3,debris,164,SSID,"129, 174, 164",2.437,1.438,juvenile,2.6,0,0,A,0,0,0,0,0,0,0,0,
12/1/22,year_1,"LU, JP, AD",Otter Creek,U1,OCU1,debris,169,PAST,169,2.492,2.144,juvenile,3.93,0,0,A,0,0,0,0,0,0,0,0,
12/2/22,year_1,"LU, KH, AD",Otter Creek,U3,OCU3,debris,173,SSID,173,2.129,1.337,juvenile,2.381,0,0,A,0,0,0,0,0,0,0,0,was not recorded on datasheet or missing sheet?
12/2/22,year_1,"LU, KH, AD",Otter Creek,U3,OCU3,debris,174,SSID,"129, 174, 164",2.117,1.651,juvenile,2.665,0,0,A,0,0,0,0,0,0,0,0,
12/2/22,year_1,"LU, KH, AD",Otter Creek,U3,OCU3,debris,177,PPOR,177,2.124,1.78,juvenile,2.764,0,0,A,0,0,0,0,0,0,0,0,
12/2/22,year_1,"LU, KH, AD",Otter Creek,U3,OCU3,debris,179,PAST,179,2.592,1.933,juvenile,4.036,0,5,A,0,0,0,0,5,0,0,0,
1/19/23,year_1,LU,Water Creek,U1,WCU1,debris,501,PPOR,501,1.191,0.738,juvenile,0.881,0,0,A,0,0,0,0,0,0,0,0,
1/19/23,year_1,LU,Water Creek,U1,WCU1,debris,502,PPOR,502,1.222,1.19,juvenile,1.039,0,0,A,0,0,0,0,0,0,0,0,
1/19/23,year_1,LU,Water Creek,U1,WCU1,debris,503,PAST,503,4.605,3.058,adult,12.003,0,0,A,0,0,0,0,0,0,0,0,
1/19/23,year_1,LU,Water Creek,U1,WCU1,debris,504,AAGR,504,5.362,3.021,adult,9.902,0,0,A,0,0,0,0,0,0,0,0,
1/19/23,year_1,LU,Water Creek,U1,WCU1,debris,505,SSID,505,4.141,3.193,adult,7.877,0,0,A,0,0,0,0,0,0,0,0,
12/13/22,year_1,"LU, EH, LP",Water Creek,U2,WCU2,debris,506,PAST,506,3.296,2.567,juvenile,6.16,0,0,A,0,0,0,0,0,0,0,0,
12/13/22,year_1,"LU, EH, LP",Water Creek,U2,WCU2,debris,507,PAST,507_523,2.119,1.552,juvenile,2.935,0,0,A,0,0,0,0,0,0,0,0,
1/19/23,year_1,LU,Water Creek,U1,WCU1,debris,508,PPOR,508,1.583,1.196,juvenile,1.522,0,0,A,0,0,0,0,0,0,0,0,
1/19/23,year_1,LU,Water Creek,U1,WCU1,debris,509,PPOR,509_547_599,1.328,0.792,juvenile,1.002,0,0,A,0,0,0,0,0,0,0,0,
1/19/23,year_1,LU,Water Creek,U1,WCU1,debris,510,PPOR,546_510_512,1.478,1.057,juvenile,0.994,0,0,A,0,0,0,0,0,0,0,0,
1/19/23,year_1,LU,Water Creek,U1,WCU1,debris,511,PPOR,515,1.301,1.295,juvenile,1.388,0,0,A,0,0,0,0,0,0,0,0,
1/19/23,year_1,LU,Water Creek,U1,WCU1,debris,512,AAGR,546_510_512,2.29,2.103,juvenile,3.724,0,0,A,0,0,0,0,0,0,0,0,
1/19/23,year_1,LU,Water Creek,U1,WCU1,debris,514,SSID,514,1.877,1.659,juvenile,2.239,0,0,A,0,0,0,0,0,0,0,0,not recorded on datasheet or missing sheet?
1/19/23,year_1,LU,Water Creek,U1,WCU1,debris,515,PPOR,515,1.785,1.317,juvenile,1.609,0,0,A,0,0,0,0,0,0,0,0,not recorded on datasheet or missing sheet?
1/19/23,year_1,LU,Water Creek,U1,WCU1,debris,516,ORSP,516,0.934,0.603,juvenile,0.449,0,50,A,0,0,0,0,50,0,0,0,not recorded on datasheet or missing sheet?
1/19/23,year_1,LU,Water Creek,U1,WCU1,debris,517,AAGR,517,2.104,1.71,juvenile,2.125,0,0,A,0,0,0,0,0,0,0,0,not recorded on datasheet or missing sheet?
12/12/22,year_1,LU,Otter Creek,S2,OCS2,fringe,518,PAST,IMG_0685,7.542,5.666,adult,31.304,0,0,A,0,0,0,0,0,0,0,0,
1/19/23,year_1,LU,Water Creek,U1,WCU1,debris,519,SSID,505_556_519,2.299,1.85,juvenile,3.025,0,0,A,0,0,0,0,0,0,0,0,
12/12/22,year_1,LU,Otter Creek,S2,OCS2,fringe,521,AGSP,IMG_0683,4.349,2.703,adult,7.405,0,0,A,0,0,0,0,0,0,0,0,ON PROP ROOT
12/12/22,year_1,LU,Otter Creek,S2,OCS2,fringe,522,SSID,IMG_0684,15.062,13.73,adult,141.133,0,0,A,0,0,0,0,0,0,0,0,
12/13/22,year_1,"LU, EH, LP",Water Creek,U2,WCU2,debris,523,AGSP,507_523,1.675,0.745,juvenile,0.743,0,0,A,0,0,0,0,0,0,0,0,
1/19/23,year_1,LU,Water Creek,U1,WCU1,debris,526,PPOR,526,1.575,1.355,juvenile,1.58,10,0,A,0,0,0,0,0,0,0,0,not recorded on datasheet or missing sheet?
1/19/23,year_1,LU,Water Creek,U1,WCU1,debris,527,PPOR,527,1.39,0.627,juvenile,0.739,0,0,A,0,0,0,0,0,0,0,0,
1/19/23,year_1,LU,Water Creek,U1,WCU1,debris,528,PPOR,528_552,0.918,0.598,juvenile,0.587,0,0,A,0,0,0,0,0,0,0,0,
1/19/23,year_1,LU,Water Creek,U1,WCU1,debris,533,AAGR,533_502_501_504,3.399,1.457,juvenile,3.889,0,0,A,0,0,0,0,0,0,0,0,
12/12/22,year_1,LU,Otter Creek,S2,OCS2,fringe,534,AGSP,IMG_0683,7.735,4.365,adult,26.465,0,0,A,0,0,0,0,0,0,0,0,ON PROP ROOT
12/13/22,year_1,"LU, EH, LP",Water Creek,U2,WCU2,debris,535,PAST,535_2,3.038,2.445,juvenile,5.783,0,0,A,0,0,0,0,0,0,0,0,
12/13/22,year_1,"LU, EH, LP",Water Creek,U2,WCU2,debris,537,PAST,537,2.493,2.211,juvenile,3.628,0,0,A,0,0,0,0,0,0,0,0,
12/13/22,year_1,"LU, EH, LP",Water Creek,U2,WCU2,debris,539,PAST,539,1.65,1.225,juvenile,1.039,0,0,A,0,0,0,0,0,0,0,0,
12/13/22,year_1,"LU, EH, LP",Water Creek,U2,WCU2,debris,540,PAST,540,2.031,1.72,juvenile,2.744,0,0,A,0,0,0,0,0,0,0,0,
12/13/22,year_1,"LU, EH, LP",Water Creek,U2,WCU2,debris,541,AGSP,541,4.074,2.963,adult,8.711,0,0,A,0,0,0,0,0,0,0,0,
1/19/23,year_1,LU,Water Creek,U1,WCU1,debris,542,PPOR,542,4.791,3.529,adult,12.798,0,0,A,0,0,0,0,0,0,0,0,
12/12/22,year_1,LU,Otter Creek,S3,OCS3,fringe,543,SSID,543_3,25.1,21.42,adult,379.765,0,0,A,0,0,0,0,0,0,0,0,
12/12/22,year_1,LU,Otter Creek,S3,OCS3,fringe,544,SSID,544,16.778,10.723,adult,131.457,0,0,A,0,0,0,0,0,0,0,0,
12/13/22,year_1,"LU, EH, LP",Water Creek,U3,WCU3,debris,545,PPOR,545,5.45,5.348,adult,13.881,0,0,A,0,0,0,0,0,0,30,0,104; CORAL IS BLEACHED
1/19/23,year_1,LU,Water Creek,U1,WCU1,debris,546,PPOR,546_510_512,2.593,1.016,juvenile,3.121,60,0,A,0,0,0,0,0,0,0,0,
1/19/23,year_1,LU,Water Creek,U1,WCU1,debris,547,AAGR,547,6.001,3.901,adult,21.346,0,0,A,0,0,0,0,0,0,0,0,
1/19/23,year_1,LU,Water Creek,U1,WCU1,debris,548,PPOR,548_547,2.409,1.938,juvenile,3.311,30,0,A,0,0,0,0,0,0,0,0,
1/19/23,year_1,LU,Water Creek,U1,WCU1,debris,550,PPOR,550,3.25,2.022,juvenile,4.095,0,0,A,0,0,0,0,0,0,0,0,
12/12/22,year_1,LU,Otter Creek,S3,OCS3,fringe,551,PPOR,551_2,3.65,1.397,juvenile,4.856,0,0,A,0,0,0,0,0,0,0,0,
1/19/23,year_1,LU,Water Creek,U1,WCU1,debris,552,PPOR,528_552,1.811,0.96,juvenile,1.408,0,0,A,0,0,0,0,0,0,0,0,
1/19/23,year_1,LU,Water Creek,U1,WCU1,debris,553,SINT,553,3.472,1.121,juvenile,1.786,0,0,A,0,0,0,0,0,0,0,0,
12/12/22,year_1,LU,Otter Creek,S3,OCS3,fringe,554,SSID,554_2,28.453,22.032,adult,350.911,0,0,A,0,0,0,0,0,0,0,0,
1/19/23,year_1,LU,Water Creek,U1,WCU1,debris,555,PAST,555,2.901,1.72,juvenile,2.934,0,0,A,0,0,0,0,0,0,0,0,
1/19/23,year_1,LU,Water Creek,U1,WCU1,debris,556,PPOR,505_556_519,2.793,1.478,juvenile,3.811,0,0,A,0,0,0,0,0,0,0,0,
12/12/22,year_1,LU,Otter Creek,S2,OCS2,fringe,557,AGSP,IMG_0704,3.079,1.76,juvenile,4.409,0,0,A,0,0,0,0,0,0,0,0,ON PROP ROOT
12/12/22,year_1,LU,Otter Creek,S2,OCS2,fringe,558,SSID,IMG_0682,3.576,3.318,juvenile,8.984,0,0,A,0,0,0,0,0,0,0,0,
12/12/22,year_1,LU,Otter Creek,S2,OCS2,fringe,559,PPOR,IMG_0717,2.859,2.076,juvenile,4.326,0,0,A,0,0,0,0,0,0,0,0,
12/12/22,year_1,LU,Otter Creek,S3,OCS3,fringe,560,OANN,560,24.256,17.735,adult,212.328,0,0,A,0,0,0,0,0,0,0,0,ORBICELLA SP; COMBINED 550 + 560
1/19/23,year_1,LU,Water Creek,U1,WCU1,debris,561,PAST,561,2.61,2.591,juvenile,5.341,50,0,A,0,0,0,0,0,0,0,0,
1/19/23,year_1,LU,Water Creek,U1,WCU1,debris,564,SSID,564,1.447,0.787,juvenile,0.918,0,0,A,0,0,0,0,0,0,0,0,
12/12/22,year_1,LU,Otter Creek,S3,OCS3,fringe,565,SSID,565,4.426,4.264,adult,12.769,0,0,A,0,0,0,0,0,0,0,0,
12/13/22,year_1,"LU, EH, LP",Water Creek,U2,WCU2,debris,566,SSID,566,2.869,1.726,juvenile,3.167,0,0,A,0,0,0,0,0,0,0,0,
12/12/22,year_1,LU,Otter Creek,S3,OCS3,fringe,567,SSID,567,6.181,5.311,adult,23.135,0,0,A,0,0,0,0,0,0,0,0,
1/19/23,year_1,LU,Water Creek,U1,WCU1,debris,568,SSID,568,2.425,1.544,juvenile,2.938,0,0,A,0,0,0,0,0,0,0,0,
12/13/22,year_1,"LU, EH, LP",Water Creek,U2,WCU2,debris,569,PAST,569,3.974,3.568,juvenile,10.108,0,0,A,0,0,0,0,0,0,0,0,
1/19/23,year_1,LU,Water Creek,U1,WCU1,debris,571,PPOR,571,1.618,0.989,juvenile,1.298,5,0,A,0,0,0,0,0,0,0,0,
12/13/22,year_1,"LU, EH, LP",Water Creek,U2,WCU2,debris,572,PAST,572,2.67,2.246,juvenile,3.559,0,0,A,0,0,0,0,0,0,0,0,
12/12/22,year_1,LU,Otter Creek,S3,OCS3,fringe,573,SSID,573,2.075,2.003,juvenile,3.028,0,0,A,0,0,0,0,0,0,0,0,
12/12/22,year_1,LU,Otter Creek,S3,OCS3,fringe,574,SSID,574,3.862,3.037,juvenile,8.763,0,0,A,0,0,0,0,0,0,0,0,
1/19/23,year_1,LU,Water Creek,U1,WCU1,debris,576,AAGR,576,3.16,2.339,juvenile,5.724,0,0,A,0,0,0,0,0,0,0,0,
1/19/23,year_1,LU,Water Creek,U1,WCU1,debris,577,SSID,577,1.583,1.353,juvenile,1.497,40,0,A,0,0,0,0,0,0,0,0,IMAGE #254; initially thought was an orb-- changed to SSID
1/19/23,year_1,LU,Water Creek,U1,WCU1,debris,578,PPOR,578,1.938,1.338,juvenile,2.226,0,0,A,0,0,0,0,0,0,0,0,
1/19/23,year_1,LU,Water Creek,U1,WCU1,debris,579,AAGR,553_579,2.691,0.881,juvenile,1.98,0,0,A,0,0,0,0,0,0,0,0,
1/19/23,year_1,LU,Water Creek,U1,WCU1,debris,580,PPOR,580,1.284,1.553,juvenile,1.787,0,0,A,0,0,0,0,0,0,0,0,
1/19/23,year_1,LU,Water Creek,U1,WCU1,debris,581,PAST,581,1.967,1.184,juvenile,2.043,0,0,A,0,0,0,0,0,0,0,0,
1/19/23,year_1,LU,Water Creek,U1,WCU1,debris,586,SSID,586,4.104,3.067,adult,8.062,0,0,A,0,0,0,0,0,0,0,0,
1/19/23,year_1,LU,Water Creek,U1,WCU1,debris,587,AAGR,587,5.903,3.921,adult,17.054,0,0,A,0,0,0,0,0,0,0,0,
1/19/23,year_1,LU,Water Creek,U1,WCU1,debris,588,PAST,592_588_second pic,4.403,3.055,adult,9.893,0,0,A,0,0,0,0,0,0,0,0,
1/19/23,year_1,LU,Water Creek,U1,WCU1,debris,589,SRAD,589/591,1.497,1.234,juvenile,1.373,0,0,A,0,0,0,0,0,0,0,0,
1/19/23,year_1,LU,Water Creek,U1,WCU1,debris,590,ORSP,590,2.425,1.406,juvenile,2.857,0,90,A,0,0,0,0,0,0,0,0,BL
1/19/23,year_1,LU,Water Creek,U1,WCU1,debris,591,SSID,589/591,1.243,1.191,juvenile,1.207,0,0,A,0,0,0,0,0,60,0,0,
1/19/23,year_1,LU,Water Creek,U1,WCU1,debris,592,MARE,592_588_second pic,7.247,4.099,adult,23.042,0,0,A,0,0,0,0,0,0,40,0,P/DISEASE?
1/19/23,year_1,LU,Water Creek,U1,WCU1,debris,593,PAST,593,4.847,4.79,adult,17.307,60,0,A,0,0,0,0,0,0,0,0,
1/19/23,year_1,LU,Water Creek,U1,WCU1,debris,594,SSID,594,3.594,3.534,juvenile,9.625,0,0,A,0,0,0,0,0,0,0,0,
1/19/23,year_1,LU,Water Creek,U1,WCU1,debris,599,PPOR,509_547_599,1.724,1.07,juvenile,1.38,0,0,A,0,0,0,0,0,0,0,0,
1/19/23,year_1,LU,Water Creek,U1,WCU1,debris,600,PAST,600,1.032,0.978,juvenile,0.897,0,0,A,0,0,0,0,0,0,0,0,
1/19/23,year_1,LU,Water Creek,S2,WCS2,fringe,538,SRAD,NA,NA,NA,adult,NA,0,0,A,0,0,0,0,0,0,0,0,no photo
1/19/23,year_1,LU,Water Creek,S2,WCS2,fringe,520,PAST,NA,NA,NA,adult,NA,0,0,A,0,0,0,0,0,0,0,0,no photo
12/12/23,year_2,"LU, BG",Otter Creek,S1,OCS1,fringe,102,SSID,NO_IMG,CNL,CNL,adult,CNL,CNL,CNL,CNL,CNL,CNL,CNL,CNL,CNL,CNL,CNL,CNL,
12/12/23,year_2,"LU, BG",Otter Creek,U1,OCU1,debris,105,PAST,1586,2.531,1.282,juvenile,2.427,100,0,D,0,0,0,0,0,0,0,0,
12/12/23,year_2,"LU, BG",Otter Creek,U1,OCU1,debris,108,PAST,NO_IMG,CNL,CNL,juvenile,CNL,CNL,CNL,CNL,CNL,CNL,CNL,CNL,CNL,CNL,CNL,CNL,
12/12/23,year_2,"LU, BG",Otter Creek,U1,OCU1,debris,110,PAST,1588,3.344,1.072,juvenile,2.984,0,0,A,0,0,0,0,0,0,0,0,
12/12/23,year_2,"LU, BG",Otter Creek,U1,OCU1,debris,111,PAST,1579,0.921,0.756,juvenile,0.499,100,0,D,0,,0,0,,0,0,0,
12/12/23,year_2,"LU, BG",Otter Creek,U1,OCU1,debris,112,PAST,NO_IMG,CNL,CNL,adult,CNL,CNL,CNL,CNL,CNL,CNL,CNL,CNL,CNL,CNL,CNL,CNL,
12/12/23,year_2,"LU, BG",Otter Creek,U1,OCU1,debris,113,PAST,1580,1.426,1.366,juvenile,0.969,0,0,A,0,0,0,0,0,0,0,0,
12/14/23,year_2,"LU, EN",Otter Creek,U3,OCU3,debris,115,SSID,1660,18.931,10.587,adult,149.239,0,0,A,0,0,0,0,,0,0,0,
12/14/23,year_2,"LU, EN",Otter Creek,U3,OCU3,debris,116,SSID,NO_IMG,CNL,CNL,adult,CNL,CNL,CNL,CNL,CNL,CNL,CNL,CNL,CNL,CNL,CNL,CNL,
12/14/23,year_2,"LU, EN",Otter Creek,S2,OCS2,fringe,117,PPOR,NO_IMG,CNL,CNL,adult,CNL,CNL,CNL,CNL,CNL,CNL,CNL,CNL,CNL,CNL,CNL,CNL,
12/14/23,year_2,"LU, EN",Otter Creek,U3,OCU3,debris,120,SSID,1664,NA,NA,juvenile,,,,A,,,,,,,,,
12/12/23,year_2,"LU, BG",Otter Creek,U1,OCU1,debris,123,SSID,1578,11.857,10.536,adult,86.994,95,0,A,0,0,0,0,0,0,0,0,
12/12/23,year_2,"LU, BG",Otter Creek,S1,OCS1,fringe,124,PAST,1598,3.156,1.661,adult,3.865,0,100,D,0,0,0,0,0,100,0,0,
12/14/23,year_2,"LU, EN",Otter Creek,U3,OCU3,debris,129,SSID,NO_IMG,CNL,CNL,adult,CNL,CNL,CNL,CNL,CNL,CNL,CNL,CNL,CNL,CNL,CNL,CNL,
12/14/23,year_2,"LU, EN",Otter Creek,U3,OCU3,debris,130,SSID,NO_IMG,CNL,CNL,adult,CNL,CNL,CNL,CNL,CNL,CNL,CNL,CNL,CNL,CNL,CNL,CNL,
12/14/23,year_2,"LU, EN",Otter Creek,U3,OCU3,debris,131,SSID,1663,NA,NA,adult,,,,A,,,,,,,,,
12/14/23,year_2,"LU, EN",Otter Creek,U3,OCU3,debris,136,PAST,1659,3.022,1.951,adult,3.542,0,0,,0,0,0,0,0,0,0,0,
12/14/23,year_2,"LU, EN",Otter Creek,U3,OCU3,debris,137,SSID,1663,NA,NA,adult,,,,A,,,,,,,,,
12/12/23,year_2,"LU, BG",Otter Creek,U1,OCU1,debris,139,PAST,1581,2.356,1.478,juvenile,2.375,0,100,D,0,0,0,0,0,100,0,0,
12/14/23,year_2,"LU, EN",Otter Creek,U3,OCU3,debris,140,SSID,1665,,,juvenile,,,,A,,,,,,,,,
12/14/23,year_2,"LU, EN",Otter Creek,S2,OCS2,fringe,141,PPOR,NO_IMG,CNL,CNL,juvenile,CNL,CNL,CNL,CNL,CNL,CNL,CNL,CNL,CNL,CNL,CNL,CNL,
12/14/23,year_2,"LU, EN",Otter Creek,S2,OCS2,fringe,142,AGSP,1670,2.731,1.787,juvenile,3.097,0,0,A,0,0,0,0,0,0,0,0,
12/12/23,year_2,"LU, BG",Otter Creek,U1,OCU1,debris,143,PAST,NO_IMG,CNL,CNL,juvenile,CNL,CNL,CNL,CNL,CNL,CNL,CNL,CNL,CNL,CNL,CNL,CNL,
12/12/23,year_2,"LU, BG",Otter Creek,U1,OCU1,debris,145,SSID,1582,20.638,19.275,adult,274.947,0,0,A,0,0,0,0,0,0,0,0,
12/12/23,year_2,"LU, BG",Otter Creek,U1,OCU1,debris,146,PAST,NO_IMG,CNL,CNL,adult,CNL,CNL,CNL,CNL,CNL,CNL,CNL,CNL,CNL,CNL,CNL,CNL,
12/14/23,year_2,"LU, EN",Otter Creek,U3,OCU3,debris,147,SSID,NO_IMG,CNL,CNL,adult,CNL,CNL,CNL,CNL,CNL,CNL,CNL,CNL,CNL,CNL,CNL,CNL,
12/14/23,year_2,"LU, EN",Otter Creek,S2,OCS2,fringe,149,PPOR,1676,4.383,2.98,adult,9.59,0,0,,0,0,0,0,0,0,0,0,
12/12/23,year_2,"LU, BG",Otter Creek,S1,OCS1,fringe,150,PAST,1596,8.119,7.949,adult,48.911,0,0,A,0,0,0,0,0,0,75,0,
12/12/23,year_2,"LU, BG",Otter Creek,S1,OCS1,fringe,157,SSID,1599,1.123,0.788,juvenile,0.524,0,0,A,0,0,0,0,0,0,0,0,
12/14/23,year_2,"LU, EN",Otter Creek,U3,OCU3,debris,158,SSID,1659,4.652,2.572,adult,10.438,0,0,A,0,0,0,0,0,0,0,0,
12/12/23,year_2,"LU, BG",Otter Creek,S1,OCS1,fringe,159,SSID,1599,2.377,2.053,juvenile,3.128,0,0,A,0,0,0,0,0,0,0,0,
12/14/23,year_2,"LU, EN",Otter Creek,U3,OCU3,debris,164,SSID,NO_IMG,CNL,CNL,juvenile,CNL,CNL,CNL,CNL,CNL,CNL,CNL,CNL,CNL,CNL,CNL,CNL,
12/12/23,year_2,"LU, BG",Otter Creek,U1,OCU1,debris,169,PAST,1584,2.373,2.008,juvenile,3.176,0,100,D,0,0,0,0,0,100,0,0,
12/14/23,year_2,"LU, EN",Otter Creek,U3,OCU3,debris,173,SSID,NO_IMG,CNL,CNL,juvenile,CNL,CNL,CNL,CNL,CNL,CNL,CNL,CNL,CNL,CNL,CNL,CNL,
12/14/23,year_2,"LU, EN",Otter Creek,U3,OCU3,debris,174,SSID,NO_IMG,CNL,CNL,juvenile,CNL,CNL,CNL,CNL,CNL,CNL,CNL,CNL,CNL,CNL,CNL,CNL,
12/14/23,year_2,"LU, EN",Otter Creek,U3,OCU3,debris,177,PPOR,1662,3.453,1.778,juvenile,4.69,0,0,A,0,0,,0,0,0,0,0,
12/14/23,year_2,"LU, EN",Otter Creek,U3,OCU3,debris,179,PAST,1655,NA,NA,juvenile,,,,A,,,,,,,,,
11/29/23,year_2,LU,Water Creek,U1,WCU1,debris,501,PPOR,533.502.501.504,2.059,1.246,juvenile,1.965,0,0,A,0,0,0,0,0,0,0,0,HEALTHY
11/29/23,year_2,LU,Water Creek,U1,WCU1,debris,502,PPOR,533.502.501.504,1.774,1.758,juvenile,2.704,100,0,D,0,0,0,0,0,0,0,0,DEAD
11/29/23,year_2,LU,Water Creek,U1,WCU1,debris,503,PAST,503,4.826,3.655,adult,12.743,30,0,A,0,0,0,0,0,0,10,0,
11/29/23,year_2,LU,Water Creek,U1,WCU1,debris,504,AAGR,533.502.501.504,3.115,2.441,adult,4.204,0,100,D,0,0,0,0,0,100,0,0,DEAD
11/29/23,year_2,LU,Water Creek,U1,WCU1,debris,505,SSID,NO_IMG,CNL,CNL,adult,CNL,CNL,CNL,CNL,CNL,CNL,CNL,CNL,CNL,CNL,CNL,CNL,
12/11/23,year_2,"LU, DS",Water Creek,U2,WCU2,debris,506,PAST,1537,4.201,3.995,adult,9.566,0,,A,0,0,,0,0,0,0,0,
12/11/23,year_2,"LU, DS",Water Creek,U2,WCU2,debris,507,PAST,1526,2.648,2.206,juvenile,3.51,0,0,A,0,0,0,0,0,0,0,0,
11/29/23,year_2,LU,Water Creek,U1,WCU1,debris,508,PPOR,508,4.443,1.802,adult,6.966,0,0,A,0,0,0,0,0,0,0,0,HEALTHY
11/29/23,year_2,LU,Water Creek,U1,WCU1,debris,509,PPOR,548/509/599/548/547,1.92,1.387,juvenile,1.762,0,0,A,0,0,0,0,0,0,100,0,
11/29/23,year_2,LU,Water Creek,U1,WCU1,debris,510,PPOR,,CNL,CNL,juvenile,CNL,CNL,CNL,CNL,CNL,CNL,CNL,CNL,CNL,CNL,CNL,CNL,
11/29/23,year_2,LU,Water Creek,U1,WCU1,debris,511,PPOR,511/515/527,CNL,CNL,juvenile,CNL,0,0,A,0,0,0,0,0,0,0,0,
11/29/23,year_2,LU,Water Creek,U1,WCU1,debris,512,AAGR,512,NA,NA,juvenile,NA,100,0,D,0,0,0,0,0,0,0,0,DEAD; found tag/spot but could not id which calcareous bump was the coral
11/29/23,year_2,LU,Water Creek,U1,WCU1,debris,514,SSID,NO_IMG,CNL,CNL,juvenile,CNL,CNL,CNL,CNL,CNL,CNL,CNL,CNL,CNL,CNL,CNL,CNL,
11/29/23,year_2,LU,Water Creek,U1,WCU1,debris,515,PPOR,511/515/527,2.342,2.035,juvenile,3.346,0,0,A,0,0,0,0,0,0,0,0,HEALTHY
11/29/23,year_2,LU,Water Creek,U1,WCU1,debris,516,ORSP,NO_IMG,CNL,CNL,juvenile,CNL,CNL,CNL,CNL,CNL,CNL,CNL,CNL,CNL,CNL,CNL,CNL,
11/29/23,year_2,LU,Water Creek,U1,WCU1,debris,517,AAGR,NO_IMG,CNL,CNL,juvenile,CNL,CNL,CNL,CNL,CNL,CNL,CNL,CNL,CNL,CNL,CNL,CNL,
12/14/23,year_2,"LU, EN",Otter Creek,S2,OCS2,fringe,518,PAST,1672,9.269,6.033,adult,40.267,0,0,A,0,0,0,0,0,0,0,0,
11/29/23,year_2,LU,Water Creek,U1,WCU1,debris,519,SSID,NO_IMG,CNL,CNL,juvenile,CNL,CNL,CNL,CNL,CNL,CNL,CNL,CNL,CNL,CNL,CNL,CNL,
12/14/23,year_2,"LU, EN",Otter Creek,S2,OCS2,fringe,521,AGSP,1670,6.818,4.733,adult,25.391,0,0,A,0,0,0,0,0,0,0,0,
12/14/23,year_2,"LU, EN",Otter Creek,S2,OCS2,fringe,522,SSID,1675,24.342,17.166,adult,295.651,5,0,A,0,0,0,0,0,0,0,0,
12/11/23,year_2,"LU, DS",Water Creek,U2,WCU2,debris,523,AGSP,1527,3.78,2.902,juvenile,6.738,10,0,A,0,0,0,0,0,0,0,0,
11/29/23,year_2,LU,Water Creek,U1,WCU1,debris,526,PPOR,NO_IMG,CNL,CNL,juvenile,CNL,CNL,CNL,CNL,CNL,CNL,CNL,CNL,CNL,CNL,CNL,CNL,
11/29/23,year_2,LU,Water Creek,U1,WCU1,debris,527,PPOR,511/515/527,1.986,1.077,juvenile,1.417,0,0,A,0,0,0,0,0,0,0,0,HEALTHY
11/29/23,year_2,LU,Water Creek,U1,WCU1,debris,528,PPOR,,NA,NA,juvenile,NA,100,0,D,0,0,0,0,0,0,0,0,DEAD; found tag/spot but could not id which calcareous bump was the coral
11/29/23,year_2,LU,Water Creek,U1,WCU1,debris,533,AAGR,533,3.384,1.533,juvenile,5.282,100,0,D,0,0,0,0,0,0,0,0,DEAD
12/14/23,year_2,"LU, EN",Otter Creek,S2,OCS2,fringe,534,AGSP,1670,14.613,7.425,adult,84.267,0,0,A,0,0,0,0,0,0,0,0,
12/11/23,year_2,"LU, DS",Water Creek,U2,WCU2,debris,535,PAST,1533,3.329,2.545,juvenile,6.28,5,0,A,0,0,0,0,0,0,0,0,
12/11/23,year_2,"LU, DS",Water Creek,U2,WCU2,debris,537,PAST,1524,3.116,2.296,juvenile,4.967,10,0,A,0,0,0,0,0,0,0,0,
12/11/23,year_2,"LU, DS",Water Creek,U2,WCU2,debris,539,PAST,1529,1.44,1.162,juvenile,1.208,0,0,A,0,0,0,0,0,0,100,0,
12/11/23,year_2,"LU, DS",Water Creek,U2,WCU2,debris,540,PAST,1536,2.653,2.295,juvenile,5.438,0,0,A,0,0,0,0,0,0,0,0,
12/11/23,year_2,"LU, DS",Water Creek,U2,WCU2,debris,541,AGSP,NO_IMG,CNL,CNL,adult,CNL,CNL,CNL,CNL,CNL,CNL,CNL,CNL,CNL,CNL,CNL,CNL,
11/29/23,year_2,LU,Water Creek,U1,WCU1,debris,542,PPOR,,NA,NA,adult,NA,100,0,D,0,0,0,0,0,0,0,0,DEAD; found tag/spot but could not id which calcareous bump was the coral
12/14/23,year_2,"LU, EN",Otter Creek,S3,OCS3,fringe,543,SSID,NO_IMG,CNL,CNL,adult,CNL,CNL,CNL,CNL,CNL,CNL,CNL,CNL,CNL,CNL,CNL,CNL,
12/14/23,year_2,"LU, EN",Otter Creek,S3,OCS3,fringe,544,SSID,NO_IMG,CNL,CNL,adult,CNL,CNL,CNL,CNL,CNL,CNL,CNL,CNL,CNL,CNL,CNL,CNL,
12/11/23,year_2,"LU, DS",Water Creek,U3,WCU3,debris,545,PPOR,1500,7.873,4.659,adult,15.882,0,0,A,0,0,0,0,0,0,0,0,
11/29/23,year_2,LU,Water Creek,U1,WCU1,debris,546,PPOR,,NA,NA,juvenile,NA,100,0,D,0,0,0,0,0,0,0,0,DEAD; found tag/spot but could not id which calcareous bump was the coral
11/29/23,year_2,LU,Water Creek,U1,WCU1,debris,547,AAGR,548/509/599/548/547,Dead,Dead,adult,NA,100,0,D,0,0,0,0,0,0,0,0,DEAD; found tag/spot but could not id which calcareous bump was the coral
11/29/23,year_2,LU,Water Creek,U1,WCU1,debris,548,PPOR,548/509/599/548/547,2.303,1.304,juvenile,2.069,0,0,A,0,0,0,0,0,0,0,0,
11/29/23,year_2,LU,Water Creek,U1,WCU1,debris,550,PPOR,NO_IMG,CNL,CNL,juvenile,CNL,CNL,CNL,CNL,CNL,CNL,CNL,CNL,CNL,CNL,CNL,CNL,
12/14/23,year_2,"LU, EN",Otter Creek,S3,OCS3,fringe,551,PPOR,1621,4.172,1.157,adult,3.479,0,0,A,0,0,0,0,0,0,0,0,
11/29/23,year_2,LU,Water Creek,U1,WCU1,debris,552,PPOR,NO_IMG,CNL,CNL,juvenile,CNL,CNL,CNL,CNL,CNL,CNL,CNL,CNL,CNL,CNL,CNL,CNL,
11/29/23,year_2,LU,Water Creek,U1,WCU1,debris,553,SINT,579/553,1.171,0.882,juvenile,0.793,0,0,A,0,0,0,0,0,0,0,0,HEALTHY
12/14/23,year_2,"LU, EN",Otter Creek,S3,OCS3,fringe,554,SSID,1622,NA,NA,adult,NA,NA,NA,A,NA,NA,NA,NA,NA,NA,NA,NA,need to retake photo!
11/29/23,year_2,LU,Water Creek,U1,WCU1,debris,555,PAST,NO_IMG,CNL,CNL,juvenile,CNL,CNL,CNL,CNL,CNL,CNL,CNL,CNL,CNL,CNL,CNL,CNL,
11/29/23,year_2,LU,Water Creek,U1,WCU1,debris,556,PPOR,NO_IMG,CNL,CNL,juvenile,CNL,CNL,CNL,CNL,CNL,CNL,CNL,CNL,CNL,CNL,CNL,CNL,
12/14/23,year_2,"LU, EN",Otter Creek,S2,OCS2,fringe,557,AGSP,1671,4.082,1.759,juvenile,6.654,0,100,D,0,0,0,0,0,100,0,0,dead
12/14/23,year_2,"LU, EN",Otter Creek,S2,OCS2,fringe,558,SSID,NO_IMG,CNL,CNL,juvenile,CNL,CNL,CNL,CNL,CNL,CNL,CNL,CNL,CNL,CNL,CNL,CNL,
12/14/23,year_2,"LU, EN",Otter Creek,S2,OCS2,fringe,559,PPOR,NO_IMG,CNL,CNL,juvenile,CNL,CNL,CNL,CNL,CNL,CNL,CNL,CNL,CNL,CNL,CNL,CNL,
12/14/23,year_2,"LU, EN",Otter Creek,S3,OCS3,fringe,560,OANN,1626 & 1624,39.2,19.404,adult,321.11,0,70,A,0,0,0,0,0,0,0,0,flipped upside down
11/29/23,year_2,LU,Water Creek,U1,WCU1,debris,561,PAST,561,NA,NA,juvenile,NA,100,0,D,0,0,0,0,0,0,0,0,DEAD; found tag/spot but could not id which calcareous bump was the coral
11/29/23,year_2,LU,Water Creek,U1,WCU1,debris,564,SSID,564,1.814,1.322,juvenile,1.551,0,100,D,0,0,0,0,0,100,0,0,DEAD
12/14/23,year_2,"LU, EN",Otter Creek,S3,OCS3,fringe,565,SSID,1618,5.454,5.248,adult,21.135,20,0,A,0,0,0,0,0,0,0,0,
12/11/23,year_2,"LU, DS",Water Creek,U2,WCU2,debris,566,SSID,1523,4.166,3.868,adult,9.224,0,0,A,0,0,0,0,0,0,0,0,
12/14/23,year_2,"LU, EN",Otter Creek,S3,OCS3,fringe,567,SSID,1617,8.26,6.319,adult,40.145,0,0,A,0,0,0,0,0,0,15,0,
11/29/23,year_2,LU,Water Creek,U1,WCU1,debris,568,SSID,568,6.273,4.138,adult,18.96,0,0,A,0,0,0,0,0,0,0,0,HEALTHY
12/11/23,year_2,"LU, DS",Water Creek,U2,WCU2,debris,569,PAST,1534,5.445,4.718,adult,16.072,20,10,A,0,0,0,0,0,0,0,0,
11/29/23,year_2,LU,Water Creek,U1,WCU1,debris,571,PPOR,571,2.537,1.579,juvenile,2.646,0,0,A,0,0,0,0,0,0,0,0,HEALTHY
12/11/23,year_2,"LU, DS",Water Creek,U2,WCU2,debris,572,PAST,NO_IMG,CNL,CNL,juvenile,CNL,CNL,CNL,CNL,CNL,CNL,CNL,CNL,CNL,CNL,CNL,CNL,
12/14/23,year_2,"LU, EN",Otter Creek,S3,OCS3,fringe,573,SSID,1628,2.605,2.039,juvenile,3.369,0,0,A,0,0,0,,0,0,0,0,
12/14/23,year_2,"LU, EN",Otter Creek,S3,OCS3,fringe,574,SSID,1627,4.693,3.938,adult,13.434,0,0,A,0,0,0,0,0,0,0,0,
11/29/23,year_2,LU,Water Creek,U1,WCU1,debris,576,AAGR,576,2.949,1.682,juvenile,3.757,100,0,D,0,0,0,0,0,0,0,0,DEAD
11/29/23,year_2,LU,Water Creek,U1,WCU1,debris,577,SSID,577,1.803,1.532,juvenile,2.056,40,0,A,0,0,0,0,0,0,0,0,HEALTHY
11/29/23,year_2,LU,Water Creek,U1,WCU1,debris,578,PPOR,578,NA,NA,juvenile,NA,100,0,D,0,0,0,0,0,0,0,0,DEAD; found tag/spot but could not id which calcareous bump was the coral
11/29/23,year_2,LU,Water Creek,U1,WCU1,debris,579,AAGR,579/553,CNL,CNL,juvenile,CNL,100,0,D,0,0,0,0,0,0,0,0,Likely DEAD; covered by a MAZE that rolled down into it's place.
11/29/23,year_2,LU,Water Creek,U1,WCU1,debris,580,PPOR,NO_IMG,CNL,CNL,juvenile,CNL,CNL,CNL,CNL,CNL,CNL,CNL,CNL,CNL,CNL,CNL,CNL,
11/29/23,year_2,LU,Water Creek,U1,WCU1,debris,581,PAST,581,NA,NA,juvenile,NA,100,0,D,0,0,0,0,0,0,0,0,DEAD; found tag/spot but could not id which calcareous bump was the coral
11/29/23,year_2,LU,Water Creek,U1,WCU1,debris,586,SSID,IMG_0121,NA,NA,adult,NA,0,0,A,0,0,0,0,0,0,0,0,NEED TO TAKE PHOTO WITH TAG
11/29/23,year_2,LU,Water Creek,U1,WCU1,debris,587,AAGR,587,2.991,2.337,adult,6.122,100,0,D,0,0,0,0,0,0,0,0,DEAD
11/29/23,year_2,LU,Water Creek,U1,WCU1,debris,588,PAST,588,3.169,2.542,juvenile,6.389,0,0,A,0,0,0,0,0,0,0,0,HEALTHY
11/29/23,year_2,LU,Water Creek,U1,WCU1,debris,589,SRAD,589/591,1.501,1.387,juvenile,1.404,0,0,A,0,0,0,0,0,0,0,0,
11/29/23,year_2,LU,Water Creek,U1,WCU1,debris,590,ORSP,590,1.997,1.22,juvenile,2.125,100,0,D,0,0,0,0,0,0,0,0,DEAD
11/29/23,year_2,LU,Water Creek,U1,WCU1,debris,591,SSID,589/591,1.395,1.204,juvenile,1.216,0,0,A,0,0,0,0,0,60,90,0,
11/29/23,year_2,LU,Water Creek,U1,WCU1,debris,592,MARE,579_553,6.954,5.972,adult,26.259,0,40,A,0,0,0,0,0,40,0,0,moved from one location to another?-- rolled in swell?
11/29/23,year_2,LU,Water Creek,U1,WCU1,debris,593,PAST,IMG_0121,NA,NA,adult,NA,60,0,A,0,0,0,0,0,0,0,0,NEED TO TAKE PHOTO WITH TAG
11/29/23,year_2,LU,Water Creek,U1,WCU1,debris,594,SSID,594,4.32,4.221,adult,13.347,0,0,A,0,0,0,0,0,0,0,0,HEALTHY
11/29/23,year_2,LU,Water Creek,U1,WCU1,debris,599,PPOR,599_547,2.53,1.725,juvenile,2.512,0,0,A,0,0,0,0,0,0,0,0,HEALTHY
11/29/23,year_2,LU,Water Creek,U1,WCU1,debris,600,PAST,NO_IMG,CNL,CNL,juvenile,CNL,CNL,CNL,CNL,CNL,CNL,CNL,CNL,CNL,CNL,CNL,CNL,
12/12/23,year_2,LU,Water Creek,S2,WCS2,fringe,538,SRAD,IMG_9262,NA,NA,adult,NA,0,0,A,0,0,0,0,0,0,0,0,
12/12/23,year_2,LU,Water Creek,S2,WCS2,fringe,520,PAST,IMG_9262,NA,NA,adult,NA,0,0,A,0,0,0,0,0,0,0,0,